sample_id,file,snr_db,velocity_kmh,kmax,num_paths,max_delay,pilot_snr_db,pilot_power,noise_power,M,N,split
0,sample_000000.npz,10,30,0.1186005671815651,4,4,25,31.6227766016838,0.1,32,16,train
1,sample_000001.npz,10,30,0.1186005671815651,4,4,25,31.6227766016838,0.1,32,16,train
2,sample_000002.npz,10,30,0.1186005671815651,4,4,25,31.6227766016838,0.1,32,16,train
3,sample_000003.npz,10,30,0.1186005671815651,4,4,25,31.6227766016838,0.1,32,16,train
4,sample_000004.npz,10,30,0.1186005671815651,4,4,25,31.6227766016838,0.1,32,16,train
5,sample_000005.npz,10,30,0.1186005671815651,4,4,25,31.6227766016838,0.1,32,16,train
6,sample_000006.npz,10,30,0.1186005671815651,4,4,25,31.6227766016838,0.1,32,16,validation
7,sample_000007.npz,10,30,0.1186005671815651,4,4,25,31.6227766016838,0.1,32,16,train
8,sample_000008.npz,10,30,0.1186005671815651,4,4,25,31.6227766016838,0.1,32,16,test
9,sample_000009.npz,10,30,0.1186005671815651,4,4,25,31.6227766016838,0.1,32,16,train
10,sample_000010.npz,10,30,0.1186005671815651,4,4,25,31.6227766016838,0.1,32,16,train
11,sample_000011.npz,10,30,0.1186005671815651,4,4,25,31.6227766016838,0.1,32,16,validation
12,sample_000012.npz,10,30,0.1186005671815651,4,4,25,31.6227766016838,0.1,32,16,test
13,sample_000013.npz,10,30,0.1186005671815651,4,4,25,31.6227766016838,0.1,32,16,test
14,sample_000014.npz,10,30,0.1186005671815651,4,4,25,31.6227766016838,0.1,32,16,test
15,sample_000015.npz,10,30,0.1186005671815651,4,4,25,31.6227766016838,0.1,32,16,train
16,sample_000016.npz,10,30,0.1186005671815651,4,4,25,31.6227766016838,0.1,32,16,train
17,sample_000017.npz,10,30,0.1186005671815651,4,4,25,31.6227766016838,0.1,32,16,train
18,sample_000018.npz,10,30,0.1186005671815651,4,4,25,31.6227766016838,0.1,32,16,train
19,sample_000019.npz,10,30,0.1186005671815651,4,4,25,31.6227766016838,0.1,32,16,test
20,sample_000020.npz,10,30,0.1186005671815651,4,4,25,31.6227766016838,0.1,32,16,train
21,sample_000021.npz,10,30,0.1186005671815651,4,4,25,31.6227766016838,0.1,32,16,train
22,sample_000022.npz,10,30,0.1186005671815651,4,4,25,31.6227766016838,0.1,32,16,test
23,sample_000023.npz,10,30,0.1186005671815651,4,4,25,31.6227766016838,0.1,32,16,train
24,sample_000024.npz,10,30,0.1186005671815651,4,4,25,31.6227766016838,0.1,32,16,train
25,sample_000025.npz,10,30,0.1186005671815651,4,4,25,31.6227766016838,0.1,32,16,train
26,sample_000026.npz,10,30,0.1186005671815651,4,4,25,31.6227766016838,0.1,32,16,train
27,sample_000027.npz,10,30,0.1186005671815651,4,4,25,31.6227766016838,0.1,32,16,train
28,sample_000028.npz,10,30,0.1186005671815651,4,4,25,31.6227766016838,0.1,32,16,train
29,sample_000029.npz,10,30,0.1186005671815651,4,4,25,31.6227766016838,0.1,32,16,train
30,sample_000030.npz,10,30,0.1186005671815651,4,4,25,31.6227766016838,0.1,32,16,validation
31,sample_000031.npz,10,30,0.1186005671815651,4,4,25,31.6227766016838,0.1,32,16,train
32,sample_000032.npz,10,30,0.1186005671815651,4,4,25,31.6227766016838,0.1,32,16,train
33,sample_000033.npz,10,30,0.1186005671815651,4,4,25,31.6227766016838,0.1,32,16,train
34,sample_000034.npz,10,30,0.1186005671815651,4,4,25,31.6227766016838,0.1,32,16,validation
35,sample_000035.npz,10,30,0.1186005671815651,4,4,25,31.6227766016838,0.1,32,16,test
36,sample_000036.npz,10,30,0.1186005671815651,4,4,25,31.6227766016838,0.1,32,16,test
37,sample_000037.npz,10,30,0.1186005671815651,4,4,25,31.6227766016838,0.1,32,16,train
38,sample_000038.npz,10,30,0.1186005671815651,4,4,25,31.6227766016838,0.1,32,16,train
39,sample_000039.npz,10,30,0.1186005671815651,4,4,25,31.6227766016838,0.1,32,16,train
40,sample_000040.npz,10,30,0.1186005671815651,4,4,25,31.6227766016838,0.1,32,16,train
41,sample_000041.npz,10,30,0.1186005671815651,4,4,25,31.6227766016838,0.1,32,16,test
42,sample_000042.npz,10,30,0.1186005671815651,4,4,25,31.6227766016838,0.1,32,16,train
43,sample_000043.npz,10,30,0.1186005671815651,4,4,25,31.6227766016838,0.1,32,16,train
44,sample_000044.npz,10,30,0.1186005671815651,4,4,25,31.6227766016838,0.1,32,16,validation
45,sample_000045.npz,10,30,0.1186005671815651,4,4,25,31.6227766016838,0.1,32,16,train
46,sample_000046.npz,10,30,0.1186005671815651,4,4,25,31.6227766016838,0.1,32,16,train
47,sample_000047.npz,10,30,0.1186005671815651,4,4,25,31.6227766016838,0.1,32,16,test
48,sample_000048.npz,10,30,0.1186005671815651,4,4,25,31.6227766016838,0.1,32,16,train
49,sample_000049.npz,10,30,0.1186005671815651,4,4,25,31.6227766016838,0.1,32,16,validation
50,sample_000050.npz,10,30,0.1186005671815651,4,4,25,31.6227766016838,0.1,32,16,train
51,sample_000051.npz,10,30,0.1186005671815651,4,4,25,31.6227766016838,0.1,32,16,train
52,sample_000052.npz,10,30,0.1186005671815651,4,4,25,31.6227766016838,0.1,32,16,train
53,sample_000053.npz,10,30,0.1186005671815651,4,4,25,31.6227766016838,0.1,32,16,test
54,sample_000054.npz,10,30,0.1186005671815651,4,4,25,31.6227766016838,0.1,32,16,validation
55,sample_000055.npz,10,30,0.1186005671815651,4,4,25,31.6227766016838,0.1,32,16,train
56,sample_000056.npz,10,30,0.1186005671815651,4,4,25,31.6227766016838,0.1,32,16,train
57,sample_000057.npz,10,30,0.1186005671815651,4,4,25,31.6227766016838,0.1,32,16,train
58,sample_000058.npz,10,30,0.1186005671815651,4,4,25,31.6227766016838,0.1,32,16,validation
59,sample_000059.npz,10,30,0.1186005671815651,4,4,25,31.6227766016838,0.1,32,16,train
60,sample_000060.npz,10,30,0.1186005671815651,4,4,25,31.6227766016838,0.1,32,16,train
61,sample_000061.npz,10,30,0.1186005671815651,4,4,25,31.6227766016838,0.1,32,16,train
62,sample_000062.npz,10,30,0.1186005671815651,4,4,25,31.6227766016838,0.1,32,16,train
63,sample_000063.npz,10,30,0.1186005671815651,4,4,25,31.6227766016838,0.1,32,16,train
64,sample_000064.npz,10,30,0.1186005671815651,4,4,25,31.6227766016838,0.1,32,16,test
65,sample_000065.npz,10,30,0.1186005671815651,4,4,25,31.6227766016838,0.1,32,16,test
66,sample_000066.npz,10,30,0.1186005671815651,4,4,25,31.6227766016838,0.1,32,16,test
67,sample_000067.npz,10,30,0.1186005671815651,4,4,25,31.6227766016838,0.1,32,16,validation
68,sample_000068.npz,10,30,0.1186005671815651,4,4,25,31.6227766016838,0.1,32,16,train
69,sample_000069.npz,10,30,0.1186005671815651,4,4,25,31.6227766016838,0.1,32,16,train
70,sample_000070.npz,10,30,0.1186005671815651,4,4,25,31.6227766016838,0.1,32,16,train
71,sample_000071.npz,10,30,0.1186005671815651,4,4,25,31.6227766016838,0.1,32,16,train
72,sample_000072.npz,10,30,0.1186005671815651,4,4,25,31.6227766016838,0.1,32,16,train
73,sample_000073.npz,10,30,0.1186005671815651,4,4,25,31.6227766016838,0.1,32,16,train
74,sample_000074.npz,10,30,0.1186005671815651,4,4,25,31.6227766016838,0.1,32,16,validation
75,sample_000075.npz,10,30,0.1186005671815651,4,4,25,31.6227766016838,0.1,32,16,train
76,sample_000076.npz,10,30,0.1186005671815651,4,4,25,31.6227766016838,0.1,32,16,train
77,sample_000077.npz,10,30,0.1186005671815651,4,4,25,31.6227766016838,0.1,32,16,test
78,sample_000078.npz,10,30,0.1186005671815651,4,4,25,31.6227766016838,0.1,32,16,train
79,sample_000079.npz,10,30,0.1186005671815651,4,4,25,31.6227766016838,0.1,32,16,train
80,sample_000080.npz,10,30,0.1186005671815651,4,4,25,31.6227766016838,0.1,32,16,train
81,sample_000081.npz,10,30,0.1186005671815651,4,4,25,31.6227766016838,0.1,32,16,train
82,sample_000082.npz,10,30,0.1186005671815651,4,4,25,31.6227766016838,0.1,32,16,validation
83,sample_000083.npz,10,30,0.1186005671815651,4,4,25,31.6227766016838,0.1,32,16,train
84,sample_000084.npz,10,30,0.1186005671815651,4,4,25,31.6227766016838,0.1,32,16,train
85,sample_000085.npz,10,30,0.1186005671815651,4,4,25,31.6227766016838,0.1,32,16,validation
86,sample_000086.npz,10,30,0.1186005671815651,4,4,25,31.6227766016838,0.1,32,16,train
87,sample_000087.npz,10,30,0.1186005671815651,4,4,25,31.6227766016838,0.1,32,16,train
88,sample_000088.npz,10,30,0.1186005671815651,4,4,25,31.6227766016838,0.1,32,16,validation
89,sample_000089.npz,10,30,0.1186005671815651,4,4,25,31.6227766016838,0.1,32,16,train
90,sample_000090.npz,10,30,0.1186005671815651,4,4,25,31.6227766016838,0.1,32,16,validation
91,sample_000091.npz,10,30,0.1186005671815651,4,4,25,31.6227766016838,0.1,32,16,train
92,sample_000092.npz,10,30,0.1186005671815651,4,4,25,31.6227766016838,0.1,32,16,train
93,sample_000093.npz,10,30,0.1186005671815651,4,4,25,31.6227766016838,0.1,32,16,train
94,sample_000094.npz,10,30,0.1186005671815651,4,4,25,31.6227766016838,0.1,32,16,train
95,sample_000095.npz,10,30,0.1186005671815651,4,4,25,31.6227766016838,0.1,32,16,train
96,sample_000096.npz,10,30,0.1186005671815651,4,4,25,31.6227766016838,0.1,32,16,train
97,sample_000097.npz,10,30,0.1186005671815651,4,4,25,31.6227766016838,0.1,32,16,train
98,sample_000098.npz,10,30,0.1186005671815651,4,4,25,31.6227766016838,0.1,32,16,validation
99,sample_000099.npz,10,30,0.1186005671815651,4,4,25,31.6227766016838,0.1,32,16,train
100,sample_000100.npz,15,30,0.1186005671815651,4,4,25,10.0,0.0316227766016837,32,16,train
101,sample_000101.npz,15,30,0.1186005671815651,4,4,25,10.0,0.0316227766016837,32,16,train
102,sample_000102.npz,15,30,0.1186005671815651,4,4,25,10.0,0.0316227766016837,32,16,train
103,sample_000103.npz,15,30,0.1186005671815651,4,4,25,10.0,0.0316227766016837,32,16,test
104,sample_000104.npz,15,30,0.1186005671815651,4,4,25,10.0,0.0316227766016837,32,16,train
105,sample_000105.npz,15,30,0.1186005671815651,4,4,25,10.0,0.0316227766016837,32,16,train
106,sample_000106.npz,15,30,0.1186005671815651,4,4,25,10.0,0.0316227766016837,32,16,train
107,sample_000107.npz,15,30,0.1186005671815651,4,4,25,10.0,0.0316227766016837,32,16,train
108,sample_000108.npz,15,30,0.1186005671815651,4,4,25,10.0,0.0316227766016837,32,16,train
109,sample_000109.npz,15,30,0.1186005671815651,4,4,25,10.0,0.0316227766016837,32,16,train
110,sample_000110.npz,15,30,0.1186005671815651,4,4,25,10.0,0.0316227766016837,32,16,validation
111,sample_000111.npz,15,30,0.1186005671815651,4,4,25,10.0,0.0316227766016837,32,16,validation
112,sample_000112.npz,15,30,0.1186005671815651,4,4,25,10.0,0.0316227766016837,32,16,train
113,sample_000113.npz,15,30,0.1186005671815651,4,4,25,10.0,0.0316227766016837,32,16,train
114,sample_000114.npz,15,30,0.1186005671815651,4,4,25,10.0,0.0316227766016837,32,16,validation
115,sample_000115.npz,15,30,0.1186005671815651,4,4,25,10.0,0.0316227766016837,32,16,train
116,sample_000116.npz,15,30,0.1186005671815651,4,4,25,10.0,0.0316227766016837,32,16,test
117,sample_000117.npz,15,30,0.1186005671815651,4,4,25,10.0,0.0316227766016837,32,16,validation
118,sample_000118.npz,15,30,0.1186005671815651,4,4,25,10.0,0.0316227766016837,32,16,train
119,sample_000119.npz,15,30,0.1186005671815651,4,4,25,10.0,0.0316227766016837,32,16,validation
120,sample_000120.npz,15,30,0.1186005671815651,4,4,25,10.0,0.0316227766016837,32,16,train
121,sample_000121.npz,15,30,0.1186005671815651,4,4,25,10.0,0.0316227766016837,32,16,train
122,sample_000122.npz,15,30,0.1186005671815651,4,4,25,10.0,0.0316227766016837,32,16,train
123,sample_000123.npz,15,30,0.1186005671815651,4,4,25,10.0,0.0316227766016837,32,16,train
124,sample_000124.npz,15,30,0.1186005671815651,4,4,25,10.0,0.0316227766016837,32,16,validation
125,sample_000125.npz,15,30,0.1186005671815651,4,4,25,10.0,0.0316227766016837,32,16,train
126,sample_000126.npz,15,30,0.1186005671815651,4,4,25,10.0,0.0316227766016837,32,16,train
127,sample_000127.npz,15,30,0.1186005671815651,4,4,25,10.0,0.0316227766016837,32,16,test
128,sample_000128.npz,15,30,0.1186005671815651,4,4,25,10.0,0.0316227766016837,32,16,train
129,sample_000129.npz,15,30,0.1186005671815651,4,4,25,10.0,0.0316227766016837,32,16,validation
130,sample_000130.npz,15,30,0.1186005671815651,4,4,25,10.0,0.0316227766016837,32,16,test
131,sample_000131.npz,15,30,0.1186005671815651,4,4,25,10.0,0.0316227766016837,32,16,train
132,sample_000132.npz,15,30,0.1186005671815651,4,4,25,10.0,0.0316227766016837,32,16,train
133,sample_000133.npz,15,30,0.1186005671815651,4,4,25,10.0,0.0316227766016837,32,16,train
134,sample_000134.npz,15,30,0.1186005671815651,4,4,25,10.0,0.0316227766016837,32,16,validation
135,sample_000135.npz,15,30,0.1186005671815651,4,4,25,10.0,0.0316227766016837,32,16,train
136,sample_000136.npz,15,30,0.1186005671815651,4,4,25,10.0,0.0316227766016837,32,16,train
137,sample_000137.npz,15,30,0.1186005671815651,4,4,25,10.0,0.0316227766016837,32,16,train
138,sample_000138.npz,15,30,0.1186005671815651,4,4,25,10.0,0.0316227766016837,32,16,train
139,sample_000139.npz,15,30,0.1186005671815651,4,4,25,10.0,0.0316227766016837,32,16,train
140,sample_000140.npz,15,30,0.1186005671815651,4,4,25,10.0,0.0316227766016837,32,16,train
141,sample_000141.npz,15,30,0.1186005671815651,4,4,25,10.0,0.0316227766016837,32,16,train
142,sample_000142.npz,15,30,0.1186005671815651,4,4,25,10.0,0.0316227766016837,32,16,train
143,sample_000143.npz,15,30,0.1186005671815651,4,4,25,10.0,0.0316227766016837,32,16,train
144,sample_000144.npz,15,30,0.1186005671815651,4,4,25,10.0,0.0316227766016837,32,16,train
145,sample_000145.npz,15,30,0.1186005671815651,4,4,25,10.0,0.0316227766016837,32,16,train
146,sample_000146.npz,15,30,0.1186005671815651,4,4,25,10.0,0.0316227766016837,32,16,train
147,sample_000147.npz,15,30,0.1186005671815651,4,4,25,10.0,0.0316227766016837,32,16,train
148,sample_000148.npz,15,30,0.1186005671815651,4,4,25,10.0,0.0316227766016837,32,16,train
149,sample_000149.npz,15,30,0.1186005671815651,4,4,25,10.0,0.0316227766016837,32,16,train
150,sample_000150.npz,15,30,0.1186005671815651,4,4,25,10.0,0.0316227766016837,32,16,train
151,sample_000151.npz,15,30,0.1186005671815651,4,4,25,10.0,0.0316227766016837,32,16,train
152,sample_000152.npz,15,30,0.1186005671815651,4,4,25,10.0,0.0316227766016837,32,16,test
153,sample_000153.npz,15,30,0.1186005671815651,4,4,25,10.0,0.0316227766016837,32,16,train
154,sample_000154.npz,15,30,0.1186005671815651,4,4,25,10.0,0.0316227766016837,32,16,train
155,sample_000155.npz,15,30,0.1186005671815651,4,4,25,10.0,0.0316227766016837,32,16,train
156,sample_000156.npz,15,30,0.1186005671815651,4,4,25,10.0,0.0316227766016837,32,16,validation
157,sample_000157.npz,15,30,0.1186005671815651,4,4,25,10.0,0.0316227766016837,32,16,train
158,sample_000158.npz,15,30,0.1186005671815651,4,4,25,10.0,0.0316227766016837,32,16,train
159,sample_000159.npz,15,30,0.1186005671815651,4,4,25,10.0,0.0316227766016837,32,16,validation
160,sample_000160.npz,15,30,0.1186005671815651,4,4,25,10.0,0.0316227766016837,32,16,test
161,sample_000161.npz,15,30,0.1186005671815651,4,4,25,10.0,0.0316227766016837,32,16,train
162,sample_000162.npz,15,30,0.1186005671815651,4,4,25,10.0,0.0316227766016837,32,16,train
163,sample_000163.npz,15,30,0.1186005671815651,4,4,25,10.0,0.0316227766016837,32,16,train
164,sample_000164.npz,15,30,0.1186005671815651,4,4,25,10.0,0.0316227766016837,32,16,train
165,sample_000165.npz,15,30,0.1186005671815651,4,4,25,10.0,0.0316227766016837,32,16,test
166,sample_000166.npz,15,30,0.1186005671815651,4,4,25,10.0,0.0316227766016837,32,16,train
167,sample_000167.npz,15,30,0.1186005671815651,4,4,25,10.0,0.0316227766016837,32,16,train
168,sample_000168.npz,15,30,0.1186005671815651,4,4,25,10.0,0.0316227766016837,32,16,validation
169,sample_000169.npz,15,30,0.1186005671815651,4,4,25,10.0,0.0316227766016837,32,16,test
170,sample_000170.npz,15,30,0.1186005671815651,4,4,25,10.0,0.0316227766016837,32,16,validation
171,sample_000171.npz,15,30,0.1186005671815651,4,4,25,10.0,0.0316227766016837,32,16,train
172,sample_000172.npz,15,30,0.1186005671815651,4,4,25,10.0,0.0316227766016837,32,16,train
173,sample_000173.npz,15,30,0.1186005671815651,4,4,25,10.0,0.0316227766016837,32,16,test
174,sample_000174.npz,15,30,0.1186005671815651,4,4,25,10.0,0.0316227766016837,32,16,train
175,sample_000175.npz,15,30,0.1186005671815651,4,4,25,10.0,0.0316227766016837,32,16,test
176,sample_000176.npz,15,30,0.1186005671815651,4,4,25,10.0,0.0316227766016837,32,16,validation
177,sample_000177.npz,15,30,0.1186005671815651,4,4,25,10.0,0.0316227766016837,32,16,train
178,sample_000178.npz,15,30,0.1186005671815651,4,4,25,10.0,0.0316227766016837,32,16,train
179,sample_000179.npz,15,30,0.1186005671815651,4,4,25,10.0,0.0316227766016837,32,16,train
180,sample_000180.npz,15,30,0.1186005671815651,4,4,25,10.0,0.0316227766016837,32,16,train
181,sample_000181.npz,15,30,0.1186005671815651,4,4,25,10.0,0.0316227766016837,32,16,train
182,sample_000182.npz,15,30,0.1186005671815651,4,4,25,10.0,0.0316227766016837,32,16,train
183,sample_000183.npz,15,30,0.1186005671815651,4,4,25,10.0,0.0316227766016837,32,16,train
184,sample_000184.npz,15,30,0.1186005671815651,4,4,25,10.0,0.0316227766016837,32,16,train
185,sample_000185.npz,15,30,0.1186005671815651,4,4,25,10.0,0.0316227766016837,32,16,train
186,sample_000186.npz,15,30,0.1186005671815651,4,4,25,10.0,0.0316227766016837,32,16,train
187,sample_000187.npz,15,30,0.1186005671815651,4,4,25,10.0,0.0316227766016837,32,16,train
188,sample_000188.npz,15,30,0.1186005671815651,4,4,25,10.0,0.0316227766016837,32,16,test
189,sample_000189.npz,15,30,0.1186005671815651,4,4,25,10.0,0.0316227766016837,32,16,train
190,sample_000190.npz,15,30,0.1186005671815651,4,4,25,10.0,0.0316227766016837,32,16,validation
191,sample_000191.npz,15,30,0.1186005671815651,4,4,25,10.0,0.0316227766016837,32,16,train
192,sample_000192.npz,15,30,0.1186005671815651,4,4,25,10.0,0.0316227766016837,32,16,train
193,sample_000193.npz,15,30,0.1186005671815651,4,4,25,10.0,0.0316227766016837,32,16,test
194,sample_000194.npz,15,30,0.1186005671815651,4,4,25,10.0,0.0316227766016837,32,16,test
195,sample_000195.npz,15,30,0.1186005671815651,4,4,25,10.0,0.0316227766016837,32,16,test
196,sample_000196.npz,15,30,0.1186005671815651,4,4,25,10.0,0.0316227766016837,32,16,test
197,sample_000197.npz,15,30,0.1186005671815651,4,4,25,10.0,0.0316227766016837,32,16,validation
198,sample_000198.npz,15,30,0.1186005671815651,4,4,25,10.0,0.0316227766016837,32,16,train
199,sample_000199.npz,15,30,0.1186005671815651,4,4,25,10.0,0.0316227766016837,32,16,train
200,sample_000200.npz,20,30,0.1186005671815651,4,4,25,3.1622776601683795,0.01,32,16,test
201,sample_000201.npz,20,30,0.1186005671815651,4,4,25,3.1622776601683795,0.01,32,16,validation
202,sample_000202.npz,20,30,0.1186005671815651,4,4,25,3.1622776601683795,0.01,32,16,train
203,sample_000203.npz,20,30,0.1186005671815651,4,4,25,3.1622776601683795,0.01,32,16,train
204,sample_000204.npz,20,30,0.1186005671815651,4,4,25,3.1622776601683795,0.01,32,16,train
205,sample_000205.npz,20,30,0.1186005671815651,4,4,25,3.1622776601683795,0.01,32,16,train
206,sample_000206.npz,20,30,0.1186005671815651,4,4,25,3.1622776601683795,0.01,32,16,validation
207,sample_000207.npz,20,30,0.1186005671815651,4,4,25,3.1622776601683795,0.01,32,16,train
208,sample_000208.npz,20,30,0.1186005671815651,4,4,25,3.1622776601683795,0.01,32,16,test
209,sample_000209.npz,20,30,0.1186005671815651,4,4,25,3.1622776601683795,0.01,32,16,train
210,sample_000210.npz,20,30,0.1186005671815651,4,4,25,3.1622776601683795,0.01,32,16,train
211,sample_000211.npz,20,30,0.1186005671815651,4,4,25,3.1622776601683795,0.01,32,16,train
212,sample_000212.npz,20,30,0.1186005671815651,4,4,25,3.1622776601683795,0.01,32,16,train
213,sample_000213.npz,20,30,0.1186005671815651,4,4,25,3.1622776601683795,0.01,32,16,validation
214,sample_000214.npz,20,30,0.1186005671815651,4,4,25,3.1622776601683795,0.01,32,16,test
215,sample_000215.npz,20,30,0.1186005671815651,4,4,25,3.1622776601683795,0.01,32,16,train
216,sample_000216.npz,20,30,0.1186005671815651,4,4,25,3.1622776601683795,0.01,32,16,train
217,sample_000217.npz,20,30,0.1186005671815651,4,4,25,3.1622776601683795,0.01,32,16,train
218,sample_000218.npz,20,30,0.1186005671815651,4,4,25,3.1622776601683795,0.01,32,16,train
219,sample_000219.npz,20,30,0.1186005671815651,4,4,25,3.1622776601683795,0.01,32,16,test
220,sample_000220.npz,20,30,0.1186005671815651,4,4,25,3.1622776601683795,0.01,32,16,test
221,sample_000221.npz,20,30,0.1186005671815651,4,4,25,3.1622776601683795,0.01,32,16,test
222,sample_000222.npz,20,30,0.1186005671815651,4,4,25,3.1622776601683795,0.01,32,16,validation
223,sample_000223.npz,20,30,0.1186005671815651,4,4,25,3.1622776601683795,0.01,32,16,train
224,sample_000224.npz,20,30,0.1186005671815651,4,4,25,3.1622776601683795,0.01,32,16,train
225,sample_000225.npz,20,30,0.1186005671815651,4,4,25,3.1622776601683795,0.01,32,16,train
226,sample_000226.npz,20,30,0.1186005671815651,4,4,25,3.1622776601683795,0.01,32,16,test
227,sample_000227.npz,20,30,0.1186005671815651,4,4,25,3.1622776601683795,0.01,32,16,train
228,sample_000228.npz,20,30,0.1186005671815651,4,4,25,3.1622776601683795,0.01,32,16,train
229,sample_000229.npz,20,30,0.1186005671815651,4,4,25,3.1622776601683795,0.01,32,16,train
230,sample_000230.npz,20,30,0.1186005671815651,4,4,25,3.1622776601683795,0.01,32,16,train
231,sample_000231.npz,20,30,0.1186005671815651,4,4,25,3.1622776601683795,0.01,32,16,test
232,sample_000232.npz,20,30,0.1186005671815651,4,4,25,3.1622776601683795,0.01,32,16,train
233,sample_000233.npz,20,30,0.1186005671815651,4,4,25,3.1622776601683795,0.01,32,16,test
234,sample_000234.npz,20,30,0.1186005671815651,4,4,25,3.1622776601683795,0.01,32,16,train
235,sample_000235.npz,20,30,0.1186005671815651,4,4,25,3.1622776601683795,0.01,32,16,train
236,sample_000236.npz,20,30,0.1186005671815651,4,4,25,3.1622776601683795,0.01,32,16,train
237,sample_000237.npz,20,30,0.1186005671815651,4,4,25,3.1622776601683795,0.01,32,16,train
238,sample_000238.npz,20,30,0.1186005671815651,4,4,25,3.1622776601683795,0.01,32,16,train
239,sample_000239.npz,20,30,0.1186005671815651,4,4,25,3.1622776601683795,0.01,32,16,train
240,sample_000240.npz,20,30,0.1186005671815651,4,4,25,3.1622776601683795,0.01,32,16,train
241,sample_000241.npz,20,30,0.1186005671815651,4,4,25,3.1622776601683795,0.01,32,16,train
242,sample_000242.npz,20,30,0.1186005671815651,4,4,25,3.1622776601683795,0.01,32,16,test
243,sample_000243.npz,20,30,0.1186005671815651,4,4,25,3.1622776601683795,0.01,32,16,train
244,sample_000244.npz,20,30,0.1186005671815651,4,4,25,3.1622776601683795,0.01,32,16,train
245,sample_000245.npz,20,30,0.1186005671815651,4,4,25,3.1622776601683795,0.01,32,16,validation
246,sample_000246.npz,20,30,0.1186005671815651,4,4,25,3.1622776601683795,0.01,32,16,train
247,sample_000247.npz,20,30,0.1186005671815651,4,4,25,3.1622776601683795,0.01,32,16,validation
248,sample_000248.npz,20,30,0.1186005671815651,4,4,25,3.1622776601683795,0.01,32,16,validation
249,sample_000249.npz,20,30,0.1186005671815651,4,4,25,3.1622776601683795,0.01,32,16,train
250,sample_000250.npz,20,30,0.1186005671815651,4,4,25,3.1622776601683795,0.01,32,16,test
251,sample_000251.npz,20,30,0.1186005671815651,4,4,25,3.1622776601683795,0.01,32,16,train
252,sample_000252.npz,20,30,0.1186005671815651,4,4,25,3.1622776601683795,0.01,32,16,train
253,sample_000253.npz,20,30,0.1186005671815651,4,4,25,3.1622776601683795,0.01,32,16,train
254,sample_000254.npz,20,30,0.1186005671815651,4,4,25,3.1622776601683795,0.01,32,16,train
255,sample_000255.npz,20,30,0.1186005671815651,4,4,25,3.1622776601683795,0.01,32,16,train
256,sample_000256.npz,20,30,0.1186005671815651,4,4,25,3.1622776601683795,0.01,32,16,validation
257,sample_000257.npz,20,30,0.1186005671815651,4,4,25,3.1622776601683795,0.01,32,16,train
258,sample_000258.npz,20,30,0.1186005671815651,4,4,25,3.1622776601683795,0.01,32,16,train
259,sample_000259.npz,20,30,0.1186005671815651,4,4,25,3.1622776601683795,0.01,32,16,train
260,sample_000260.npz,20,30,0.1186005671815651,4,4,25,3.1622776601683795,0.01,32,16,validation
261,sample_000261.npz,20,30,0.1186005671815651,4,4,25,3.1622776601683795,0.01,32,16,train
262,sample_000262.npz,20,30,0.1186005671815651,4,4,25,3.1622776601683795,0.01,32,16,test
263,sample_000263.npz,20,30,0.1186005671815651,4,4,25,3.1622776601683795,0.01,32,16,train
264,sample_000264.npz,20,30,0.1186005671815651,4,4,25,3.1622776601683795,0.01,32,16,train
265,sample_000265.npz,20,30,0.1186005671815651,4,4,25,3.1622776601683795,0.01,32,16,train
266,sample_000266.npz,20,30,0.1186005671815651,4,4,25,3.1622776601683795,0.01,32,16,train
267,sample_000267.npz,20,30,0.1186005671815651,4,4,25,3.1622776601683795,0.01,32,16,validation
268,sample_000268.npz,20,30,0.1186005671815651,4,4,25,3.1622776601683795,0.01,32,16,train
269,sample_000269.npz,20,30,0.1186005671815651,4,4,25,3.1622776601683795,0.01,32,16,train
270,sample_000270.npz,20,30,0.1186005671815651,4,4,25,3.1622776601683795,0.01,32,16,test
271,sample_000271.npz,20,30,0.1186005671815651,4,4,25,3.1622776601683795,0.01,32,16,validation
272,sample_000272.npz,20,30,0.1186005671815651,4,4,25,3.1622776601683795,0.01,32,16,train
273,sample_000273.npz,20,30,0.1186005671815651,4,4,25,3.1622776601683795,0.01,32,16,train
274,sample_000274.npz,20,30,0.1186005671815651,4,4,25,3.1622776601683795,0.01,32,16,train
275,sample_000275.npz,20,30,0.1186005671815651,4,4,25,3.1622776601683795,0.01,32,16,train
276,sample_000276.npz,20,30,0.1186005671815651,4,4,25,3.1622776601683795,0.01,32,16,train
277,sample_000277.npz,20,30,0.1186005671815651,4,4,25,3.1622776601683795,0.01,32,16,validation
278,sample_000278.npz,20,30,0.1186005671815651,4,4,25,3.1622776601683795,0.01,32,16,train
279,sample_000279.npz,20,30,0.1186005671815651,4,4,25,3.1622776601683795,0.01,32,16,train
280,sample_000280.npz,20,30,0.1186005671815651,4,4,25,3.1622776601683795,0.01,32,16,train
281,sample_000281.npz,20,30,0.1186005671815651,4,4,25,3.1622776601683795,0.01,32,16,validation
282,sample_000282.npz,20,30,0.1186005671815651,4,4,25,3.1622776601683795,0.01,32,16,train
283,sample_000283.npz,20,30,0.1186005671815651,4,4,25,3.1622776601683795,0.01,32,16,train
284,sample_000284.npz,20,30,0.1186005671815651,4,4,25,3.1622776601683795,0.01,32,16,train
285,sample_000285.npz,20,30,0.1186005671815651,4,4,25,3.1622776601683795,0.01,32,16,train
286,sample_000286.npz,20,30,0.1186005671815651,4,4,25,3.1622776601683795,0.01,32,16,train
287,sample_000287.npz,20,30,0.1186005671815651,4,4,25,3.1622776601683795,0.01,32,16,train
288,sample_000288.npz,20,30,0.1186005671815651,4,4,25,3.1622776601683795,0.01,32,16,train
289,sample_000289.npz,20,30,0.1186005671815651,4,4,25,3.1622776601683795,0.01,32,16,validation
290,sample_000290.npz,20,30,0.1186005671815651,4,4,25,3.1622776601683795,0.01,32,16,train
291,sample_000291.npz,20,30,0.1186005671815651,4,4,25,3.1622776601683795,0.01,32,16,validation
292,sample_000292.npz,20,30,0.1186005671815651,4,4,25,3.1622776601683795,0.01,32,16,train
293,sample_000293.npz,20,30,0.1186005671815651,4,4,25,3.1622776601683795,0.01,32,16,test
294,sample_000294.npz,20,30,0.1186005671815651,4,4,25,3.1622776601683795,0.01,32,16,train
295,sample_000295.npz,20,30,0.1186005671815651,4,4,25,3.1622776601683795,0.01,32,16,train
296,sample_000296.npz,20,30,0.1186005671815651,4,4,25,3.1622776601683795,0.01,32,16,train
297,sample_000297.npz,20,30,0.1186005671815651,4,4,25,3.1622776601683795,0.01,32,16,train
298,sample_000298.npz,20,30,0.1186005671815651,4,4,25,3.1622776601683795,0.01,32,16,test
299,sample_000299.npz,20,30,0.1186005671815651,4,4,25,3.1622776601683795,0.01,32,16,train
300,sample_000300.npz,10,120,0.4744022687262607,4,4,25,31.6227766016838,0.1,32,16,validation
301,sample_000301.npz,10,120,0.4744022687262607,4,4,25,31.6227766016838,0.1,32,16,test
302,sample_000302.npz,10,120,0.4744022687262607,4,4,25,31.6227766016838,0.1,32,16,train
303,sample_000303.npz,10,120,0.4744022687262607,4,4,25,31.6227766016838,0.1,32,16,train
304,sample_000304.npz,10,120,0.4744022687262607,4,4,25,31.6227766016838,0.1,32,16,train
305,sample_000305.npz,10,120,0.4744022687262607,4,4,25,31.6227766016838,0.1,32,16,test
306,sample_000306.npz,10,120,0.4744022687262607,4,4,25,31.6227766016838,0.1,32,16,train
307,sample_000307.npz,10,120,0.4744022687262607,4,4,25,31.6227766016838,0.1,32,16,train
308,sample_000308.npz,10,120,0.4744022687262607,4,4,25,31.6227766016838,0.1,32,16,train
309,sample_000309.npz,10,120,0.4744022687262607,4,4,25,31.6227766016838,0.1,32,16,train
310,sample_000310.npz,10,120,0.4744022687262607,4,4,25,31.6227766016838,0.1,32,16,validation
311,sample_000311.npz,10,120,0.4744022687262607,4,4,25,31.6227766016838,0.1,32,16,validation
312,sample_000312.npz,10,120,0.4744022687262607,4,4,25,31.6227766016838,0.1,32,16,validation
313,sample_000313.npz,10,120,0.4744022687262607,4,4,25,31.6227766016838,0.1,32,16,validation
314,sample_000314.npz,10,120,0.4744022687262607,4,4,25,31.6227766016838,0.1,32,16,validation
315,sample_000315.npz,10,120,0.4744022687262607,4,4,25,31.6227766016838,0.1,32,16,train
316,sample_000316.npz,10,120,0.4744022687262607,4,4,25,31.6227766016838,0.1,32,16,train
317,sample_000317.npz,10,120,0.4744022687262607,4,4,25,31.6227766016838,0.1,32,16,train
318,sample_000318.npz,10,120,0.4744022687262607,4,4,25,31.6227766016838,0.1,32,16,train
319,sample_000319.npz,10,120,0.4744022687262607,4,4,25,31.6227766016838,0.1,32,16,validation
320,sample_000320.npz,10,120,0.4744022687262607,4,4,25,31.6227766016838,0.1,32,16,train
321,sample_000321.npz,10,120,0.4744022687262607,4,4,25,31.6227766016838,0.1,32,16,validation
322,sample_000322.npz,10,120,0.4744022687262607,4,4,25,31.6227766016838,0.1,32,16,test
323,sample_000323.npz,10,120,0.4744022687262607,4,4,25,31.6227766016838,0.1,32,16,train
324,sample_000324.npz,10,120,0.4744022687262607,4,4,25,31.6227766016838,0.1,32,16,train
325,sample_000325.npz,10,120,0.4744022687262607,4,4,25,31.6227766016838,0.1,32,16,train
326,sample_000326.npz,10,120,0.4744022687262607,4,4,25,31.6227766016838,0.1,32,16,train
327,sample_000327.npz,10,120,0.4744022687262607,4,4,25,31.6227766016838,0.1,32,16,train
328,sample_000328.npz,10,120,0.4744022687262607,4,4,25,31.6227766016838,0.1,32,16,train
329,sample_000329.npz,10,120,0.4744022687262607,4,4,25,31.6227766016838,0.1,32,16,train
330,sample_000330.npz,10,120,0.4744022687262607,4,4,25,31.6227766016838,0.1,32,16,train
331,sample_000331.npz,10,120,0.4744022687262607,4,4,25,31.6227766016838,0.1,32,16,train
332,sample_000332.npz,10,120,0.4744022687262607,4,4,25,31.6227766016838,0.1,32,16,train
333,sample_000333.npz,10,120,0.4744022687262607,4,4,25,31.6227766016838,0.1,32,16,train
334,sample_000334.npz,10,120,0.4744022687262607,4,4,25,31.6227766016838,0.1,32,16,train
335,sample_000335.npz,10,120,0.4744022687262607,4,4,25,31.6227766016838,0.1,32,16,train
336,sample_000336.npz,10,120,0.4744022687262607,4,4,25,31.6227766016838,0.1,32,16,train
337,sample_000337.npz,10,120,0.4744022687262607,4,4,25,31.6227766016838,0.1,32,16,train
338,sample_000338.npz,10,120,0.4744022687262607,4,4,25,31.6227766016838,0.1,32,16,train
339,sample_000339.npz,10,120,0.4744022687262607,4,4,25,31.6227766016838,0.1,32,16,validation
340,sample_000340.npz,10,120,0.4744022687262607,4,4,25,31.6227766016838,0.1,32,16,train
341,sample_000341.npz,10,120,0.4744022687262607,4,4,25,31.6227766016838,0.1,32,16,train
342,sample_000342.npz,10,120,0.4744022687262607,4,4,25,31.6227766016838,0.1,32,16,train
343,sample_000343.npz,10,120,0.4744022687262607,4,4,25,31.6227766016838,0.1,32,16,train
344,sample_000344.npz,10,120,0.4744022687262607,4,4,25,31.6227766016838,0.1,32,16,test
345,sample_000345.npz,10,120,0.4744022687262607,4,4,25,31.6227766016838,0.1,32,16,train
346,sample_000346.npz,10,120,0.4744022687262607,4,4,25,31.6227766016838,0.1,32,16,train
347,sample_000347.npz,10,120,0.4744022687262607,4,4,25,31.6227766016838,0.1,32,16,train
348,sample_000348.npz,10,120,0.4744022687262607,4,4,25,31.6227766016838,0.1,32,16,test
349,sample_000349.npz,10,120,0.4744022687262607,4,4,25,31.6227766016838,0.1,32,16,test
350,sample_000350.npz,10,120,0.4744022687262607,4,4,25,31.6227766016838,0.1,32,16,train
351,sample_000351.npz,10,120,0.4744022687262607,4,4,25,31.6227766016838,0.1,32,16,train
352,sample_000352.npz,10,120,0.4744022687262607,4,4,25,31.6227766016838,0.1,32,16,train
353,sample_000353.npz,10,120,0.4744022687262607,4,4,25,31.6227766016838,0.1,32,16,train
354,sample_000354.npz,10,120,0.4744022687262607,4,4,25,31.6227766016838,0.1,32,16,train
355,sample_000355.npz,10,120,0.4744022687262607,4,4,25,31.6227766016838,0.1,32,16,train
356,sample_000356.npz,10,120,0.4744022687262607,4,4,25,31.6227766016838,0.1,32,16,train
357,sample_000357.npz,10,120,0.4744022687262607,4,4,25,31.6227766016838,0.1,32,16,train
358,sample_000358.npz,10,120,0.4744022687262607,4,4,25,31.6227766016838,0.1,32,16,test
359,sample_000359.npz,10,120,0.4744022687262607,4,4,25,31.6227766016838,0.1,32,16,test
360,sample_000360.npz,10,120,0.4744022687262607,4,4,25,31.6227766016838,0.1,32,16,validation
361,sample_000361.npz,10,120,0.4744022687262607,4,4,25,31.6227766016838,0.1,32,16,test
362,sample_000362.npz,10,120,0.4744022687262607,4,4,25,31.6227766016838,0.1,32,16,validation
363,sample_000363.npz,10,120,0.4744022687262607,4,4,25,31.6227766016838,0.1,32,16,train
364,sample_000364.npz,10,120,0.4744022687262607,4,4,25,31.6227766016838,0.1,32,16,train
365,sample_000365.npz,10,120,0.4744022687262607,4,4,25,31.6227766016838,0.1,32,16,validation
366,sample_000366.npz,10,120,0.4744022687262607,4,4,25,31.6227766016838,0.1,32,16,train
367,sample_000367.npz,10,120,0.4744022687262607,4,4,25,31.6227766016838,0.1,32,16,train
368,sample_000368.npz,10,120,0.4744022687262607,4,4,25,31.6227766016838,0.1,32,16,train
369,sample_000369.npz,10,120,0.4744022687262607,4,4,25,31.6227766016838,0.1,32,16,train
370,sample_000370.npz,10,120,0.4744022687262607,4,4,25,31.6227766016838,0.1,32,16,train
371,sample_000371.npz,10,120,0.4744022687262607,4,4,25,31.6227766016838,0.1,32,16,train
372,sample_000372.npz,10,120,0.4744022687262607,4,4,25,31.6227766016838,0.1,32,16,train
373,sample_000373.npz,10,120,0.4744022687262607,4,4,25,31.6227766016838,0.1,32,16,test
374,sample_000374.npz,10,120,0.4744022687262607,4,4,25,31.6227766016838,0.1,32,16,train
375,sample_000375.npz,10,120,0.4744022687262607,4,4,25,31.6227766016838,0.1,32,16,train
376,sample_000376.npz,10,120,0.4744022687262607,4,4,25,31.6227766016838,0.1,32,16,test
377,sample_000377.npz,10,120,0.4744022687262607,4,4,25,31.6227766016838,0.1,32,16,train
378,sample_000378.npz,10,120,0.4744022687262607,4,4,25,31.6227766016838,0.1,32,16,test
379,sample_000379.npz,10,120,0.4744022687262607,4,4,25,31.6227766016838,0.1,32,16,train
380,sample_000380.npz,10,120,0.4744022687262607,4,4,25,31.6227766016838,0.1,32,16,validation
381,sample_000381.npz,10,120,0.4744022687262607,4,4,25,31.6227766016838,0.1,32,16,train
382,sample_000382.npz,10,120,0.4744022687262607,4,4,25,31.6227766016838,0.1,32,16,train
383,sample_000383.npz,10,120,0.4744022687262607,4,4,25,31.6227766016838,0.1,32,16,train
384,sample_000384.npz,10,120,0.4744022687262607,4,4,25,31.6227766016838,0.1,32,16,train
385,sample_000385.npz,10,120,0.4744022687262607,4,4,25,31.6227766016838,0.1,32,16,test
386,sample_000386.npz,10,120,0.4744022687262607,4,4,25,31.6227766016838,0.1,32,16,train
387,sample_000387.npz,10,120,0.4744022687262607,4,4,25,31.6227766016838,0.1,32,16,train
388,sample_000388.npz,10,120,0.4744022687262607,4,4,25,31.6227766016838,0.1,32,16,validation
389,sample_000389.npz,10,120,0.4744022687262607,4,4,25,31.6227766016838,0.1,32,16,train
390,sample_000390.npz,10,120,0.4744022687262607,4,4,25,31.6227766016838,0.1,32,16,train
391,sample_000391.npz,10,120,0.4744022687262607,4,4,25,31.6227766016838,0.1,32,16,validation
392,sample_000392.npz,10,120,0.4744022687262607,4,4,25,31.6227766016838,0.1,32,16,train
393,sample_000393.npz,10,120,0.4744022687262607,4,4,25,31.6227766016838,0.1,32,16,test
394,sample_000394.npz,10,120,0.4744022687262607,4,4,25,31.6227766016838,0.1,32,16,train
395,sample_000395.npz,10,120,0.4744022687262607,4,4,25,31.6227766016838,0.1,32,16,train
396,sample_000396.npz,10,120,0.4744022687262607,4,4,25,31.6227766016838,0.1,32,16,train
397,sample_000397.npz,10,120,0.4744022687262607,4,4,25,31.6227766016838,0.1,32,16,train
398,sample_000398.npz,10,120,0.4744022687262607,4,4,25,31.6227766016838,0.1,32,16,train
399,sample_000399.npz,10,120,0.4744022687262607,4,4,25,31.6227766016838,0.1,32,16,test
400,sample_000400.npz,15,120,0.4744022687262607,4,4,25,10.0,0.0316227766016837,32,16,train
401,sample_000401.npz,15,120,0.4744022687262607,4,4,25,10.0,0.0316227766016837,32,16,test
402,sample_000402.npz,15,120,0.4744022687262607,4,4,25,10.0,0.0316227766016837,32,16,test
403,sample_000403.npz,15,120,0.4744022687262607,4,4,25,10.0,0.0316227766016837,32,16,train
404,sample_000404.npz,15,120,0.4744022687262607,4,4,25,10.0,0.0316227766016837,32,16,validation
405,sample_000405.npz,15,120,0.4744022687262607,4,4,25,10.0,0.0316227766016837,32,16,test
406,sample_000406.npz,15,120,0.4744022687262607,4,4,25,10.0,0.0316227766016837,32,16,train
407,sample_000407.npz,15,120,0.4744022687262607,4,4,25,10.0,0.0316227766016837,32,16,train
408,sample_000408.npz,15,120,0.4744022687262607,4,4,25,10.0,0.0316227766016837,32,16,train
409,sample_000409.npz,15,120,0.4744022687262607,4,4,25,10.0,0.0316227766016837,32,16,train
410,sample_000410.npz,15,120,0.4744022687262607,4,4,25,10.0,0.0316227766016837,32,16,test
411,sample_000411.npz,15,120,0.4744022687262607,4,4,25,10.0,0.0316227766016837,32,16,train
412,sample_000412.npz,15,120,0.4744022687262607,4,4,25,10.0,0.0316227766016837,32,16,train
413,sample_000413.npz,15,120,0.4744022687262607,4,4,25,10.0,0.0316227766016837,32,16,train
414,sample_000414.npz,15,120,0.4744022687262607,4,4,25,10.0,0.0316227766016837,32,16,train
415,sample_000415.npz,15,120,0.4744022687262607,4,4,25,10.0,0.0316227766016837,32,16,train
416,sample_000416.npz,15,120,0.4744022687262607,4,4,25,10.0,0.0316227766016837,32,16,validation
417,sample_000417.npz,15,120,0.4744022687262607,4,4,25,10.0,0.0316227766016837,32,16,validation
418,sample_000418.npz,15,120,0.4744022687262607,4,4,25,10.0,0.0316227766016837,32,16,train
419,sample_000419.npz,15,120,0.4744022687262607,4,4,25,10.0,0.0316227766016837,32,16,train
420,sample_000420.npz,15,120,0.4744022687262607,4,4,25,10.0,0.0316227766016837,32,16,train
421,sample_000421.npz,15,120,0.4744022687262607,4,4,25,10.0,0.0316227766016837,32,16,test
422,sample_000422.npz,15,120,0.4744022687262607,4,4,25,10.0,0.0316227766016837,32,16,train
423,sample_000423.npz,15,120,0.4744022687262607,4,4,25,10.0,0.0316227766016837,32,16,train
424,sample_000424.npz,15,120,0.4744022687262607,4,4,25,10.0,0.0316227766016837,32,16,train
425,sample_000425.npz,15,120,0.4744022687262607,4,4,25,10.0,0.0316227766016837,32,16,train
426,sample_000426.npz,15,120,0.4744022687262607,4,4,25,10.0,0.0316227766016837,32,16,test
427,sample_000427.npz,15,120,0.4744022687262607,4,4,25,10.0,0.0316227766016837,32,16,train
428,sample_000428.npz,15,120,0.4744022687262607,4,4,25,10.0,0.0316227766016837,32,16,train
429,sample_000429.npz,15,120,0.4744022687262607,4,4,25,10.0,0.0316227766016837,32,16,train
430,sample_000430.npz,15,120,0.4744022687262607,4,4,25,10.0,0.0316227766016837,32,16,train
431,sample_000431.npz,15,120,0.4744022687262607,4,4,25,10.0,0.0316227766016837,32,16,train
432,sample_000432.npz,15,120,0.4744022687262607,4,4,25,10.0,0.0316227766016837,32,16,test
433,sample_000433.npz,15,120,0.4744022687262607,4,4,25,10.0,0.0316227766016837,32,16,train
434,sample_000434.npz,15,120,0.4744022687262607,4,4,25,10.0,0.0316227766016837,32,16,train
435,sample_000435.npz,15,120,0.4744022687262607,4,4,25,10.0,0.0316227766016837,32,16,validation
436,sample_000436.npz,15,120,0.4744022687262607,4,4,25,10.0,0.0316227766016837,32,16,train
437,sample_000437.npz,15,120,0.4744022687262607,4,4,25,10.0,0.0316227766016837,32,16,test
438,sample_000438.npz,15,120,0.4744022687262607,4,4,25,10.0,0.0316227766016837,32,16,train
439,sample_000439.npz,15,120,0.4744022687262607,4,4,25,10.0,0.0316227766016837,32,16,train
440,sample_000440.npz,15,120,0.4744022687262607,4,4,25,10.0,0.0316227766016837,32,16,train
441,sample_000441.npz,15,120,0.4744022687262607,4,4,25,10.0,0.0316227766016837,32,16,test
442,sample_000442.npz,15,120,0.4744022687262607,4,4,25,10.0,0.0316227766016837,32,16,train
443,sample_000443.npz,15,120,0.4744022687262607,4,4,25,10.0,0.0316227766016837,32,16,train
444,sample_000444.npz,15,120,0.4744022687262607,4,4,25,10.0,0.0316227766016837,32,16,validation
445,sample_000445.npz,15,120,0.4744022687262607,4,4,25,10.0,0.0316227766016837,32,16,train
446,sample_000446.npz,15,120,0.4744022687262607,4,4,25,10.0,0.0316227766016837,32,16,train
447,sample_000447.npz,15,120,0.4744022687262607,4,4,25,10.0,0.0316227766016837,32,16,validation
448,sample_000448.npz,15,120,0.4744022687262607,4,4,25,10.0,0.0316227766016837,32,16,train
449,sample_000449.npz,15,120,0.4744022687262607,4,4,25,10.0,0.0316227766016837,32,16,train
450,sample_000450.npz,15,120,0.4744022687262607,4,4,25,10.0,0.0316227766016837,32,16,validation
451,sample_000451.npz,15,120,0.4744022687262607,4,4,25,10.0,0.0316227766016837,32,16,train
452,sample_000452.npz,15,120,0.4744022687262607,4,4,25,10.0,0.0316227766016837,32,16,train
453,sample_000453.npz,15,120,0.4744022687262607,4,4,25,10.0,0.0316227766016837,32,16,train
454,sample_000454.npz,15,120,0.4744022687262607,4,4,25,10.0,0.0316227766016837,32,16,test
455,sample_000455.npz,15,120,0.4744022687262607,4,4,25,10.0,0.0316227766016837,32,16,train
456,sample_000456.npz,15,120,0.4744022687262607,4,4,25,10.0,0.0316227766016837,32,16,train
457,sample_000457.npz,15,120,0.4744022687262607,4,4,25,10.0,0.0316227766016837,32,16,train
458,sample_000458.npz,15,120,0.4744022687262607,4,4,25,10.0,0.0316227766016837,32,16,test
459,sample_000459.npz,15,120,0.4744022687262607,4,4,25,10.0,0.0316227766016837,32,16,train
460,sample_000460.npz,15,120,0.4744022687262607,4,4,25,10.0,0.0316227766016837,32,16,train
461,sample_000461.npz,15,120,0.4744022687262607,4,4,25,10.0,0.0316227766016837,32,16,train
462,sample_000462.npz,15,120,0.4744022687262607,4,4,25,10.0,0.0316227766016837,32,16,train
463,sample_000463.npz,15,120,0.4744022687262607,4,4,25,10.0,0.0316227766016837,32,16,train
464,sample_000464.npz,15,120,0.4744022687262607,4,4,25,10.0,0.0316227766016837,32,16,train
465,sample_000465.npz,15,120,0.4744022687262607,4,4,25,10.0,0.0316227766016837,32,16,train
466,sample_000466.npz,15,120,0.4744022687262607,4,4,25,10.0,0.0316227766016837,32,16,train
467,sample_000467.npz,15,120,0.4744022687262607,4,4,25,10.0,0.0316227766016837,32,16,validation
468,sample_000468.npz,15,120,0.4744022687262607,4,4,25,10.0,0.0316227766016837,32,16,validation
469,sample_000469.npz,15,120,0.4744022687262607,4,4,25,10.0,0.0316227766016837,32,16,validation
470,sample_000470.npz,15,120,0.4744022687262607,4,4,25,10.0,0.0316227766016837,32,16,train
471,sample_000471.npz,15,120,0.4744022687262607,4,4,25,10.0,0.0316227766016837,32,16,train
472,sample_000472.npz,15,120,0.4744022687262607,4,4,25,10.0,0.0316227766016837,32,16,test
473,sample_000473.npz,15,120,0.4744022687262607,4,4,25,10.0,0.0316227766016837,32,16,train
474,sample_000474.npz,15,120,0.4744022687262607,4,4,25,10.0,0.0316227766016837,32,16,test
475,sample_000475.npz,15,120,0.4744022687262607,4,4,25,10.0,0.0316227766016837,32,16,train
476,sample_000476.npz,15,120,0.4744022687262607,4,4,25,10.0,0.0316227766016837,32,16,train
477,sample_000477.npz,15,120,0.4744022687262607,4,4,25,10.0,0.0316227766016837,32,16,validation
478,sample_000478.npz,15,120,0.4744022687262607,4,4,25,10.0,0.0316227766016837,32,16,train
479,sample_000479.npz,15,120,0.4744022687262607,4,4,25,10.0,0.0316227766016837,32,16,validation
480,sample_000480.npz,15,120,0.4744022687262607,4,4,25,10.0,0.0316227766016837,32,16,validation
481,sample_000481.npz,15,120,0.4744022687262607,4,4,25,10.0,0.0316227766016837,32,16,train
482,sample_000482.npz,15,120,0.4744022687262607,4,4,25,10.0,0.0316227766016837,32,16,train
483,sample_000483.npz,15,120,0.4744022687262607,4,4,25,10.0,0.0316227766016837,32,16,train
484,sample_000484.npz,15,120,0.4744022687262607,4,4,25,10.0,0.0316227766016837,32,16,train
485,sample_000485.npz,15,120,0.4744022687262607,4,4,25,10.0,0.0316227766016837,32,16,validation
486,sample_000486.npz,15,120,0.4744022687262607,4,4,25,10.0,0.0316227766016837,32,16,test
487,sample_000487.npz,15,120,0.4744022687262607,4,4,25,10.0,0.0316227766016837,32,16,train
488,sample_000488.npz,15,120,0.4744022687262607,4,4,25,10.0,0.0316227766016837,32,16,train
489,sample_000489.npz,15,120,0.4744022687262607,4,4,25,10.0,0.0316227766016837,32,16,train
490,sample_000490.npz,15,120,0.4744022687262607,4,4,25,10.0,0.0316227766016837,32,16,train
491,sample_000491.npz,15,120,0.4744022687262607,4,4,25,10.0,0.0316227766016837,32,16,validation
492,sample_000492.npz,15,120,0.4744022687262607,4,4,25,10.0,0.0316227766016837,32,16,train
493,sample_000493.npz,15,120,0.4744022687262607,4,4,25,10.0,0.0316227766016837,32,16,train
494,sample_000494.npz,15,120,0.4744022687262607,4,4,25,10.0,0.0316227766016837,32,16,train
495,sample_000495.npz,15,120,0.4744022687262607,4,4,25,10.0,0.0316227766016837,32,16,train
496,sample_000496.npz,15,120,0.4744022687262607,4,4,25,10.0,0.0316227766016837,32,16,train
497,sample_000497.npz,15,120,0.4744022687262607,4,4,25,10.0,0.0316227766016837,32,16,test
498,sample_000498.npz,15,120,0.4744022687262607,4,4,25,10.0,0.0316227766016837,32,16,train
499,sample_000499.npz,15,120,0.4744022687262607,4,4,25,10.0,0.0316227766016837,32,16,train
500,sample_000500.npz,20,120,0.4744022687262607,4,4,25,3.1622776601683795,0.01,32,16,validation
501,sample_000501.npz,20,120,0.4744022687262607,4,4,25,3.1622776601683795,0.01,32,16,train
502,sample_000502.npz,20,120,0.4744022687262607,4,4,25,3.1622776601683795,0.01,32,16,test
503,sample_000503.npz,20,120,0.4744022687262607,4,4,25,3.1622776601683795,0.01,32,16,train
504,sample_000504.npz,20,120,0.4744022687262607,4,4,25,3.1622776601683795,0.01,32,16,train
505,sample_000505.npz,20,120,0.4744022687262607,4,4,25,3.1622776601683795,0.01,32,16,train
506,sample_000506.npz,20,120,0.4744022687262607,4,4,25,3.1622776601683795,0.01,32,16,validation
507,sample_000507.npz,20,120,0.4744022687262607,4,4,25,3.1622776601683795,0.01,32,16,train
508,sample_000508.npz,20,120,0.4744022687262607,4,4,25,3.1622776601683795,0.01,32,16,train
509,sample_000509.npz,20,120,0.4744022687262607,4,4,25,3.1622776601683795,0.01,32,16,train
510,sample_000510.npz,20,120,0.4744022687262607,4,4,25,3.1622776601683795,0.01,32,16,validation
511,sample_000511.npz,20,120,0.4744022687262607,4,4,25,3.1622776601683795,0.01,32,16,train
512,sample_000512.npz,20,120,0.4744022687262607,4,4,25,3.1622776601683795,0.01,32,16,validation
513,sample_000513.npz,20,120,0.4744022687262607,4,4,25,3.1622776601683795,0.01,32,16,train
514,sample_000514.npz,20,120,0.4744022687262607,4,4,25,3.1622776601683795,0.01,32,16,validation
515,sample_000515.npz,20,120,0.4744022687262607,4,4,25,3.1622776601683795,0.01,32,16,train
516,sample_000516.npz,20,120,0.4744022687262607,4,4,25,3.1622776601683795,0.01,32,16,train
517,sample_000517.npz,20,120,0.4744022687262607,4,4,25,3.1622776601683795,0.01,32,16,train
518,sample_000518.npz,20,120,0.4744022687262607,4,4,25,3.1622776601683795,0.01,32,16,test
519,sample_000519.npz,20,120,0.4744022687262607,4,4,25,3.1622776601683795,0.01,32,16,train
520,sample_000520.npz,20,120,0.4744022687262607,4,4,25,3.1622776601683795,0.01,32,16,train
521,sample_000521.npz,20,120,0.4744022687262607,4,4,25,3.1622776601683795,0.01,32,16,train
522,sample_000522.npz,20,120,0.4744022687262607,4,4,25,3.1622776601683795,0.01,32,16,train
523,sample_000523.npz,20,120,0.4744022687262607,4,4,25,3.1622776601683795,0.01,32,16,train
524,sample_000524.npz,20,120,0.4744022687262607,4,4,25,3.1622776601683795,0.01,32,16,train
525,sample_000525.npz,20,120,0.4744022687262607,4,4,25,3.1622776601683795,0.01,32,16,train
526,sample_000526.npz,20,120,0.4744022687262607,4,4,25,3.1622776601683795,0.01,32,16,train
527,sample_000527.npz,20,120,0.4744022687262607,4,4,25,3.1622776601683795,0.01,32,16,train
528,sample_000528.npz,20,120,0.4744022687262607,4,4,25,3.1622776601683795,0.01,32,16,test
529,sample_000529.npz,20,120,0.4744022687262607,4,4,25,3.1622776601683795,0.01,32,16,train
530,sample_000530.npz,20,120,0.4744022687262607,4,4,25,3.1622776601683795,0.01,32,16,train
531,sample_000531.npz,20,120,0.4744022687262607,4,4,25,3.1622776601683795,0.01,32,16,train
532,sample_000532.npz,20,120,0.4744022687262607,4,4,25,3.1622776601683795,0.01,32,16,test
533,sample_000533.npz,20,120,0.4744022687262607,4,4,25,3.1622776601683795,0.01,32,16,validation
534,sample_000534.npz,20,120,0.4744022687262607,4,4,25,3.1622776601683795,0.01,32,16,test
535,sample_000535.npz,20,120,0.4744022687262607,4,4,25,3.1622776601683795,0.01,32,16,train
536,sample_000536.npz,20,120,0.4744022687262607,4,4,25,3.1622776601683795,0.01,32,16,test
537,sample_000537.npz,20,120,0.4744022687262607,4,4,25,3.1622776601683795,0.01,32,16,train
538,sample_000538.npz,20,120,0.4744022687262607,4,4,25,3.1622776601683795,0.01,32,16,train
539,sample_000539.npz,20,120,0.4744022687262607,4,4,25,3.1622776601683795,0.01,32,16,validation
540,sample_000540.npz,20,120,0.4744022687262607,4,4,25,3.1622776601683795,0.01,32,16,train
541,sample_000541.npz,20,120,0.4744022687262607,4,4,25,3.1622776601683795,0.01,32,16,train
542,sample_000542.npz,20,120,0.4744022687262607,4,4,25,3.1622776601683795,0.01,32,16,train
543,sample_000543.npz,20,120,0.4744022687262607,4,4,25,3.1622776601683795,0.01,32,16,train
544,sample_000544.npz,20,120,0.4744022687262607,4,4,25,3.1622776601683795,0.01,32,16,train
545,sample_000545.npz,20,120,0.4744022687262607,4,4,25,3.1622776601683795,0.01,32,16,validation
546,sample_000546.npz,20,120,0.4744022687262607,4,4,25,3.1622776601683795,0.01,32,16,train
547,sample_000547.npz,20,120,0.4744022687262607,4,4,25,3.1622776601683795,0.01,32,16,train
548,sample_000548.npz,20,120,0.4744022687262607,4,4,25,3.1622776601683795,0.01,32,16,train
549,sample_000549.npz,20,120,0.4744022687262607,4,4,25,3.1622776601683795,0.01,32,16,validation
550,sample_000550.npz,20,120,0.4744022687262607,4,4,25,3.1622776601683795,0.01,32,16,train
551,sample_000551.npz,20,120,0.4744022687262607,4,4,25,3.1622776601683795,0.01,32,16,train
552,sample_000552.npz,20,120,0.4744022687262607,4,4,25,3.1622776601683795,0.01,32,16,validation
553,sample_000553.npz,20,120,0.4744022687262607,4,4,25,3.1622776601683795,0.01,32,16,train
554,sample_000554.npz,20,120,0.4744022687262607,4,4,25,3.1622776601683795,0.01,32,16,train
555,sample_000555.npz,20,120,0.4744022687262607,4,4,25,3.1622776601683795,0.01,32,16,train
556,sample_000556.npz,20,120,0.4744022687262607,4,4,25,3.1622776601683795,0.01,32,16,validation
557,sample_000557.npz,20,120,0.4744022687262607,4,4,25,3.1622776601683795,0.01,32,16,test
558,sample_000558.npz,20,120,0.4744022687262607,4,4,25,3.1622776601683795,0.01,32,16,validation
559,sample_000559.npz,20,120,0.4744022687262607,4,4,25,3.1622776601683795,0.01,32,16,train
560,sample_000560.npz,20,120,0.4744022687262607,4,4,25,3.1622776601683795,0.01,32,16,train
561,sample_000561.npz,20,120,0.4744022687262607,4,4,25,3.1622776601683795,0.01,32,16,train
562,sample_000562.npz,20,120,0.4744022687262607,4,4,25,3.1622776601683795,0.01,32,16,train
563,sample_000563.npz,20,120,0.4744022687262607,4,4,25,3.1622776601683795,0.01,32,16,test
564,sample_000564.npz,20,120,0.4744022687262607,4,4,25,3.1622776601683795,0.01,32,16,train
565,sample_000565.npz,20,120,0.4744022687262607,4,4,25,3.1622776601683795,0.01,32,16,train
566,sample_000566.npz,20,120,0.4744022687262607,4,4,25,3.1622776601683795,0.01,32,16,train
567,sample_000567.npz,20,120,0.4744022687262607,4,4,25,3.1622776601683795,0.01,32,16,train
568,sample_000568.npz,20,120,0.4744022687262607,4,4,25,3.1622776601683795,0.01,32,16,validation
569,sample_000569.npz,20,120,0.4744022687262607,4,4,25,3.1622776601683795,0.01,32,16,test
570,sample_000570.npz,20,120,0.4744022687262607,4,4,25,3.1622776601683795,0.01,32,16,train
571,sample_000571.npz,20,120,0.4744022687262607,4,4,25,3.1622776601683795,0.01,32,16,test
572,sample_000572.npz,20,120,0.4744022687262607,4,4,25,3.1622776601683795,0.01,32,16,train
573,sample_000573.npz,20,120,0.4744022687262607,4,4,25,3.1622776601683795,0.01,32,16,train
574,sample_000574.npz,20,120,0.4744022687262607,4,4,25,3.1622776601683795,0.01,32,16,test
575,sample_000575.npz,20,120,0.4744022687262607,4,4,25,3.1622776601683795,0.01,32,16,train
576,sample_000576.npz,20,120,0.4744022687262607,4,4,25,3.1622776601683795,0.01,32,16,validation
577,sample_000577.npz,20,120,0.4744022687262607,4,4,25,3.1622776601683795,0.01,32,16,train
578,sample_000578.npz,20,120,0.4744022687262607,4,4,25,3.1622776601683795,0.01,32,16,train
579,sample_000579.npz,20,120,0.4744022687262607,4,4,25,3.1622776601683795,0.01,32,16,train
580,sample_000580.npz,20,120,0.4744022687262607,4,4,25,3.1622776601683795,0.01,32,16,test
581,sample_000581.npz,20,120,0.4744022687262607,4,4,25,3.1622776601683795,0.01,32,16,train
582,sample_000582.npz,20,120,0.4744022687262607,4,4,25,3.1622776601683795,0.01,32,16,train
583,sample_000583.npz,20,120,0.4744022687262607,4,4,25,3.1622776601683795,0.01,32,16,train
584,sample_000584.npz,20,120,0.4744022687262607,4,4,25,3.1622776601683795,0.01,32,16,train
585,sample_000585.npz,20,120,0.4744022687262607,4,4,25,3.1622776601683795,0.01,32,16,train
586,sample_000586.npz,20,120,0.4744022687262607,4,4,25,3.1622776601683795,0.01,32,16,test
587,sample_000587.npz,20,120,0.4744022687262607,4,4,25,3.1622776601683795,0.01,32,16,train
588,sample_000588.npz,20,120,0.4744022687262607,4,4,25,3.1622776601683795,0.01,32,16,train
589,sample_000589.npz,20,120,0.4744022687262607,4,4,25,3.1622776601683795,0.01,32,16,train
590,sample_000590.npz,20,120,0.4744022687262607,4,4,25,3.1622776601683795,0.01,32,16,train
591,sample_000591.npz,20,120,0.4744022687262607,4,4,25,3.1622776601683795,0.01,32,16,validation
592,sample_000592.npz,20,120,0.4744022687262607,4,4,25,3.1622776601683795,0.01,32,16,train
593,sample_000593.npz,20,120,0.4744022687262607,4,4,25,3.1622776601683795,0.01,32,16,train
594,sample_000594.npz,20,120,0.4744022687262607,4,4,25,3.1622776601683795,0.01,32,16,train
595,sample_000595.npz,20,120,0.4744022687262607,4,4,25,3.1622776601683795,0.01,32,16,train
596,sample_000596.npz,20,120,0.4744022687262607,4,4,25,3.1622776601683795,0.01,32,16,train
597,sample_000597.npz,20,120,0.4744022687262607,4,4,25,3.1622776601683795,0.01,32,16,test
598,sample_000598.npz,20,120,0.4744022687262607,4,4,25,3.1622776601683795,0.01,32,16,test
599,sample_000599.npz,20,120,0.4744022687262607,4,4,25,3.1622776601683795,0.01,32,16,train
600,sample_000600.npz,10,500,1.9766761196927527,4,4,25,31.6227766016838,0.1,32,16,train
601,sample_000601.npz,10,500,1.9766761196927527,4,4,25,31.6227766016838,0.1,32,16,test
602,sample_000602.npz,10,500,1.9766761196927527,4,4,25,31.6227766016838,0.1,32,16,train
603,sample_000603.npz,10,500,1.9766761196927527,4,4,25,31.6227766016838,0.1,32,16,train
604,sample_000604.npz,10,500,1.9766761196927527,4,4,25,31.6227766016838,0.1,32,16,train
605,sample_000605.npz,10,500,1.9766761196927527,4,4,25,31.6227766016838,0.1,32,16,train
606,sample_000606.npz,10,500,1.9766761196927527,4,4,25,31.6227766016838,0.1,32,16,train
607,sample_000607.npz,10,500,1.9766761196927527,4,4,25,31.6227766016838,0.1,32,16,test
608,sample_000608.npz,10,500,1.9766761196927527,4,4,25,31.6227766016838,0.1,32,16,test
609,sample_000609.npz,10,500,1.9766761196927527,4,4,25,31.6227766016838,0.1,32,16,validation
610,sample_000610.npz,10,500,1.9766761196927527,4,4,25,31.6227766016838,0.1,32,16,train
611,sample_000611.npz,10,500,1.9766761196927527,4,4,25,31.6227766016838,0.1,32,16,train
612,sample_000612.npz,10,500,1.9766761196927527,4,4,25,31.6227766016838,0.1,32,16,train
613,sample_000613.npz,10,500,1.9766761196927527,4,4,25,31.6227766016838,0.1,32,16,validation
614,sample_000614.npz,10,500,1.9766761196927527,4,4,25,31.6227766016838,0.1,32,16,train
615,sample_000615.npz,10,500,1.9766761196927527,4,4,25,31.6227766016838,0.1,32,16,train
616,sample_000616.npz,10,500,1.9766761196927527,4,4,25,31.6227766016838,0.1,32,16,train
617,sample_000617.npz,10,500,1.9766761196927527,4,4,25,31.6227766016838,0.1,32,16,validation
618,sample_000618.npz,10,500,1.9766761196927527,4,4,25,31.6227766016838,0.1,32,16,train
619,sample_000619.npz,10,500,1.9766761196927527,4,4,25,31.6227766016838,0.1,32,16,train
620,sample_000620.npz,10,500,1.9766761196927527,4,4,25,31.6227766016838,0.1,32,16,train
621,sample_000621.npz,10,500,1.9766761196927527,4,4,25,31.6227766016838,0.1,32,16,validation
622,sample_000622.npz,10,500,1.9766761196927527,4,4,25,31.6227766016838,0.1,32,16,train
623,sample_000623.npz,10,500,1.9766761196927527,4,4,25,31.6227766016838,0.1,32,16,test
624,sample_000624.npz,10,500,1.9766761196927527,4,4,25,31.6227766016838,0.1,32,16,train
625,sample_000625.npz,10,500,1.9766761196927527,4,4,25,31.6227766016838,0.1,32,16,train
626,sample_000626.npz,10,500,1.9766761196927527,4,4,25,31.6227766016838,0.1,32,16,train
627,sample_000627.npz,10,500,1.9766761196927527,4,4,25,31.6227766016838,0.1,32,16,test
628,sample_000628.npz,10,500,1.9766761196927527,4,4,25,31.6227766016838,0.1,32,16,train
629,sample_000629.npz,10,500,1.9766761196927527,4,4,25,31.6227766016838,0.1,32,16,train
630,sample_000630.npz,10,500,1.9766761196927527,4,4,25,31.6227766016838,0.1,32,16,test
631,sample_000631.npz,10,500,1.9766761196927527,4,4,25,31.6227766016838,0.1,32,16,test
632,sample_000632.npz,10,500,1.9766761196927527,4,4,25,31.6227766016838,0.1,32,16,test
633,sample_000633.npz,10,500,1.9766761196927527,4,4,25,31.6227766016838,0.1,32,16,train
634,sample_000634.npz,10,500,1.9766761196927527,4,4,25,31.6227766016838,0.1,32,16,train
635,sample_000635.npz,10,500,1.9766761196927527,4,4,25,31.6227766016838,0.1,32,16,train
636,sample_000636.npz,10,500,1.9766761196927527,4,4,25,31.6227766016838,0.1,32,16,train
637,sample_000637.npz,10,500,1.9766761196927527,4,4,25,31.6227766016838,0.1,32,16,validation
638,sample_000638.npz,10,500,1.9766761196927527,4,4,25,31.6227766016838,0.1,32,16,train
639,sample_000639.npz,10,500,1.9766761196927527,4,4,25,31.6227766016838,0.1,32,16,train
640,sample_000640.npz,10,500,1.9766761196927527,4,4,25,31.6227766016838,0.1,32,16,train
641,sample_000641.npz,10,500,1.9766761196927527,4,4,25,31.6227766016838,0.1,32,16,validation
642,sample_000642.npz,10,500,1.9766761196927527,4,4,25,31.6227766016838,0.1,32,16,train
643,sample_000643.npz,10,500,1.9766761196927527,4,4,25,31.6227766016838,0.1,32,16,test
644,sample_000644.npz,10,500,1.9766761196927527,4,4,25,31.6227766016838,0.1,32,16,validation
645,sample_000645.npz,10,500,1.9766761196927527,4,4,25,31.6227766016838,0.1,32,16,train
646,sample_000646.npz,10,500,1.9766761196927527,4,4,25,31.6227766016838,0.1,32,16,train
647,sample_000647.npz,10,500,1.9766761196927527,4,4,25,31.6227766016838,0.1,32,16,test
648,sample_000648.npz,10,500,1.9766761196927527,4,4,25,31.6227766016838,0.1,32,16,train
649,sample_000649.npz,10,500,1.9766761196927527,4,4,25,31.6227766016838,0.1,32,16,train
650,sample_000650.npz,10,500,1.9766761196927527,4,4,25,31.6227766016838,0.1,32,16,train
651,sample_000651.npz,10,500,1.9766761196927527,4,4,25,31.6227766016838,0.1,32,16,train
652,sample_000652.npz,10,500,1.9766761196927527,4,4,25,31.6227766016838,0.1,32,16,train
653,sample_000653.npz,10,500,1.9766761196927527,4,4,25,31.6227766016838,0.1,32,16,validation
654,sample_000654.npz,10,500,1.9766761196927527,4,4,25,31.6227766016838,0.1,32,16,validation
655,sample_000655.npz,10,500,1.9766761196927527,4,4,25,31.6227766016838,0.1,32,16,train
656,sample_000656.npz,10,500,1.9766761196927527,4,4,25,31.6227766016838,0.1,32,16,train
657,sample_000657.npz,10,500,1.9766761196927527,4,4,25,31.6227766016838,0.1,32,16,train
658,sample_000658.npz,10,500,1.9766761196927527,4,4,25,31.6227766016838,0.1,32,16,test
659,sample_000659.npz,10,500,1.9766761196927527,4,4,25,31.6227766016838,0.1,32,16,train
660,sample_000660.npz,10,500,1.9766761196927527,4,4,25,31.6227766016838,0.1,32,16,test
661,sample_000661.npz,10,500,1.9766761196927527,4,4,25,31.6227766016838,0.1,32,16,train
662,sample_000662.npz,10,500,1.9766761196927527,4,4,25,31.6227766016838,0.1,32,16,validation
663,sample_000663.npz,10,500,1.9766761196927527,4,4,25,31.6227766016838,0.1,32,16,train
664,sample_000664.npz,10,500,1.9766761196927527,4,4,25,31.6227766016838,0.1,32,16,train
665,sample_000665.npz,10,500,1.9766761196927527,4,4,25,31.6227766016838,0.1,32,16,train
666,sample_000666.npz,10,500,1.9766761196927527,4,4,25,31.6227766016838,0.1,32,16,validation
667,sample_000667.npz,10,500,1.9766761196927527,4,4,25,31.6227766016838,0.1,32,16,train
668,sample_000668.npz,10,500,1.9766761196927527,4,4,25,31.6227766016838,0.1,32,16,train
669,sample_000669.npz,10,500,1.9766761196927527,4,4,25,31.6227766016838,0.1,32,16,train
670,sample_000670.npz,10,500,1.9766761196927527,4,4,25,31.6227766016838,0.1,32,16,validation
671,sample_000671.npz,10,500,1.9766761196927527,4,4,25,31.6227766016838,0.1,32,16,train
672,sample_000672.npz,10,500,1.9766761196927527,4,4,25,31.6227766016838,0.1,32,16,train
673,sample_000673.npz,10,500,1.9766761196927527,4,4,25,31.6227766016838,0.1,32,16,train
674,sample_000674.npz,10,500,1.9766761196927527,4,4,25,31.6227766016838,0.1,32,16,train
675,sample_000675.npz,10,500,1.9766761196927527,4,4,25,31.6227766016838,0.1,32,16,train
676,sample_000676.npz,10,500,1.9766761196927527,4,4,25,31.6227766016838,0.1,32,16,train
677,sample_000677.npz,10,500,1.9766761196927527,4,4,25,31.6227766016838,0.1,32,16,train
678,sample_000678.npz,10,500,1.9766761196927527,4,4,25,31.6227766016838,0.1,32,16,test
679,sample_000679.npz,10,500,1.9766761196927527,4,4,25,31.6227766016838,0.1,32,16,train
680,sample_000680.npz,10,500,1.9766761196927527,4,4,25,31.6227766016838,0.1,32,16,train
681,sample_000681.npz,10,500,1.9766761196927527,4,4,25,31.6227766016838,0.1,32,16,train
682,sample_000682.npz,10,500,1.9766761196927527,4,4,25,31.6227766016838,0.1,32,16,train
683,sample_000683.npz,10,500,1.9766761196927527,4,4,25,31.6227766016838,0.1,32,16,train
684,sample_000684.npz,10,500,1.9766761196927527,4,4,25,31.6227766016838,0.1,32,16,train
685,sample_000685.npz,10,500,1.9766761196927527,4,4,25,31.6227766016838,0.1,32,16,test
686,sample_000686.npz,10,500,1.9766761196927527,4,4,25,31.6227766016838,0.1,32,16,train
687,sample_000687.npz,10,500,1.9766761196927527,4,4,25,31.6227766016838,0.1,32,16,train
688,sample_000688.npz,10,500,1.9766761196927527,4,4,25,31.6227766016838,0.1,32,16,train
689,sample_000689.npz,10,500,1.9766761196927527,4,4,25,31.6227766016838,0.1,32,16,validation
690,sample_000690.npz,10,500,1.9766761196927527,4,4,25,31.6227766016838,0.1,32,16,train
691,sample_000691.npz,10,500,1.9766761196927527,4,4,25,31.6227766016838,0.1,32,16,train
692,sample_000692.npz,10,500,1.9766761196927527,4,4,25,31.6227766016838,0.1,32,16,train
693,sample_000693.npz,10,500,1.9766761196927527,4,4,25,31.6227766016838,0.1,32,16,test
694,sample_000694.npz,10,500,1.9766761196927527,4,4,25,31.6227766016838,0.1,32,16,validation
695,sample_000695.npz,10,500,1.9766761196927527,4,4,25,31.6227766016838,0.1,32,16,train
696,sample_000696.npz,10,500,1.9766761196927527,4,4,25,31.6227766016838,0.1,32,16,train
697,sample_000697.npz,10,500,1.9766761196927527,4,4,25,31.6227766016838,0.1,32,16,validation
698,sample_000698.npz,10,500,1.9766761196927527,4,4,25,31.6227766016838,0.1,32,16,train
699,sample_000699.npz,10,500,1.9766761196927527,4,4,25,31.6227766016838,0.1,32,16,train
700,sample_000700.npz,15,500,1.9766761196927527,4,4,25,10.0,0.0316227766016837,32,16,train
701,sample_000701.npz,15,500,1.9766761196927527,4,4,25,10.0,0.0316227766016837,32,16,train
702,sample_000702.npz,15,500,1.9766761196927527,4,4,25,10.0,0.0316227766016837,32,16,train
703,sample_000703.npz,15,500,1.9766761196927527,4,4,25,10.0,0.0316227766016837,32,16,test
704,sample_000704.npz,15,500,1.9766761196927527,4,4,25,10.0,0.0316227766016837,32,16,train
705,sample_000705.npz,15,500,1.9766761196927527,4,4,25,10.0,0.0316227766016837,32,16,train
706,sample_000706.npz,15,500,1.9766761196927527,4,4,25,10.0,0.0316227766016837,32,16,train
707,sample_000707.npz,15,500,1.9766761196927527,4,4,25,10.0,0.0316227766016837,32,16,train
708,sample_000708.npz,15,500,1.9766761196927527,4,4,25,10.0,0.0316227766016837,32,16,train
709,sample_000709.npz,15,500,1.9766761196927527,4,4,25,10.0,0.0316227766016837,32,16,validation
710,sample_000710.npz,15,500,1.9766761196927527,4,4,25,10.0,0.0316227766016837,32,16,test
711,sample_000711.npz,15,500,1.9766761196927527,4,4,25,10.0,0.0316227766016837,32,16,train
712,sample_000712.npz,15,500,1.9766761196927527,4,4,25,10.0,0.0316227766016837,32,16,train
713,sample_000713.npz,15,500,1.9766761196927527,4,4,25,10.0,0.0316227766016837,32,16,train
714,sample_000714.npz,15,500,1.9766761196927527,4,4,25,10.0,0.0316227766016837,32,16,train
715,sample_000715.npz,15,500,1.9766761196927527,4,4,25,10.0,0.0316227766016837,32,16,validation
716,sample_000716.npz,15,500,1.9766761196927527,4,4,25,10.0,0.0316227766016837,32,16,test
717,sample_000717.npz,15,500,1.9766761196927527,4,4,25,10.0,0.0316227766016837,32,16,test
718,sample_000718.npz,15,500,1.9766761196927527,4,4,25,10.0,0.0316227766016837,32,16,train
719,sample_000719.npz,15,500,1.9766761196927527,4,4,25,10.0,0.0316227766016837,32,16,train
720,sample_000720.npz,15,500,1.9766761196927527,4,4,25,10.0,0.0316227766016837,32,16,train
721,sample_000721.npz,15,500,1.9766761196927527,4,4,25,10.0,0.0316227766016837,32,16,test
722,sample_000722.npz,15,500,1.9766761196927527,4,4,25,10.0,0.0316227766016837,32,16,validation
723,sample_000723.npz,15,500,1.9766761196927527,4,4,25,10.0,0.0316227766016837,32,16,train
724,sample_000724.npz,15,500,1.9766761196927527,4,4,25,10.0,0.0316227766016837,32,16,train
725,sample_000725.npz,15,500,1.9766761196927527,4,4,25,10.0,0.0316227766016837,32,16,train
726,sample_000726.npz,15,500,1.9766761196927527,4,4,25,10.0,0.0316227766016837,32,16,train
727,sample_000727.npz,15,500,1.9766761196927527,4,4,25,10.0,0.0316227766016837,32,16,test
728,sample_000728.npz,15,500,1.9766761196927527,4,4,25,10.0,0.0316227766016837,32,16,validation
729,sample_000729.npz,15,500,1.9766761196927527,4,4,25,10.0,0.0316227766016837,32,16,train
730,sample_000730.npz,15,500,1.9766761196927527,4,4,25,10.0,0.0316227766016837,32,16,train
731,sample_000731.npz,15,500,1.9766761196927527,4,4,25,10.0,0.0316227766016837,32,16,train
732,sample_000732.npz,15,500,1.9766761196927527,4,4,25,10.0,0.0316227766016837,32,16,test
733,sample_000733.npz,15,500,1.9766761196927527,4,4,25,10.0,0.0316227766016837,32,16,train
734,sample_000734.npz,15,500,1.9766761196927527,4,4,25,10.0,0.0316227766016837,32,16,train
735,sample_000735.npz,15,500,1.9766761196927527,4,4,25,10.0,0.0316227766016837,32,16,validation
736,sample_000736.npz,15,500,1.9766761196927527,4,4,25,10.0,0.0316227766016837,32,16,train
737,sample_000737.npz,15,500,1.9766761196927527,4,4,25,10.0,0.0316227766016837,32,16,validation
738,sample_000738.npz,15,500,1.9766761196927527,4,4,25,10.0,0.0316227766016837,32,16,validation
739,sample_000739.npz,15,500,1.9766761196927527,4,4,25,10.0,0.0316227766016837,32,16,train
740,sample_000740.npz,15,500,1.9766761196927527,4,4,25,10.0,0.0316227766016837,32,16,train
741,sample_000741.npz,15,500,1.9766761196927527,4,4,25,10.0,0.0316227766016837,32,16,train
742,sample_000742.npz,15,500,1.9766761196927527,4,4,25,10.0,0.0316227766016837,32,16,train
743,sample_000743.npz,15,500,1.9766761196927527,4,4,25,10.0,0.0316227766016837,32,16,train
744,sample_000744.npz,15,500,1.9766761196927527,4,4,25,10.0,0.0316227766016837,32,16,train
745,sample_000745.npz,15,500,1.9766761196927527,4,4,25,10.0,0.0316227766016837,32,16,validation
746,sample_000746.npz,15,500,1.9766761196927527,4,4,25,10.0,0.0316227766016837,32,16,validation
747,sample_000747.npz,15,500,1.9766761196927527,4,4,25,10.0,0.0316227766016837,32,16,test
748,sample_000748.npz,15,500,1.9766761196927527,4,4,25,10.0,0.0316227766016837,32,16,train
749,sample_000749.npz,15,500,1.9766761196927527,4,4,25,10.0,0.0316227766016837,32,16,train
750,sample_000750.npz,15,500,1.9766761196927527,4,4,25,10.0,0.0316227766016837,32,16,train
751,sample_000751.npz,15,500,1.9766761196927527,4,4,25,10.0,0.0316227766016837,32,16,train
752,sample_000752.npz,15,500,1.9766761196927527,4,4,25,10.0,0.0316227766016837,32,16,train
753,sample_000753.npz,15,500,1.9766761196927527,4,4,25,10.0,0.0316227766016837,32,16,test
754,sample_000754.npz,15,500,1.9766761196927527,4,4,25,10.0,0.0316227766016837,32,16,train
755,sample_000755.npz,15,500,1.9766761196927527,4,4,25,10.0,0.0316227766016837,32,16,train
756,sample_000756.npz,15,500,1.9766761196927527,4,4,25,10.0,0.0316227766016837,32,16,test
757,sample_000757.npz,15,500,1.9766761196927527,4,4,25,10.0,0.0316227766016837,32,16,train
758,sample_000758.npz,15,500,1.9766761196927527,4,4,25,10.0,0.0316227766016837,32,16,test
759,sample_000759.npz,15,500,1.9766761196927527,4,4,25,10.0,0.0316227766016837,32,16,train
760,sample_000760.npz,15,500,1.9766761196927527,4,4,25,10.0,0.0316227766016837,32,16,validation
761,sample_000761.npz,15,500,1.9766761196927527,4,4,25,10.0,0.0316227766016837,32,16,train
762,sample_000762.npz,15,500,1.9766761196927527,4,4,25,10.0,0.0316227766016837,32,16,test
763,sample_000763.npz,15,500,1.9766761196927527,4,4,25,10.0,0.0316227766016837,32,16,train
764,sample_000764.npz,15,500,1.9766761196927527,4,4,25,10.0,0.0316227766016837,32,16,train
765,sample_000765.npz,15,500,1.9766761196927527,4,4,25,10.0,0.0316227766016837,32,16,train
766,sample_000766.npz,15,500,1.9766761196927527,4,4,25,10.0,0.0316227766016837,32,16,train
767,sample_000767.npz,15,500,1.9766761196927527,4,4,25,10.0,0.0316227766016837,32,16,train
768,sample_000768.npz,15,500,1.9766761196927527,4,4,25,10.0,0.0316227766016837,32,16,train
769,sample_000769.npz,15,500,1.9766761196927527,4,4,25,10.0,0.0316227766016837,32,16,train
770,sample_000770.npz,15,500,1.9766761196927527,4,4,25,10.0,0.0316227766016837,32,16,validation
771,sample_000771.npz,15,500,1.9766761196927527,4,4,25,10.0,0.0316227766016837,32,16,train
772,sample_000772.npz,15,500,1.9766761196927527,4,4,25,10.0,0.0316227766016837,32,16,validation
773,sample_000773.npz,15,500,1.9766761196927527,4,4,25,10.0,0.0316227766016837,32,16,train
774,sample_000774.npz,15,500,1.9766761196927527,4,4,25,10.0,0.0316227766016837,32,16,train
775,sample_000775.npz,15,500,1.9766761196927527,4,4,25,10.0,0.0316227766016837,32,16,train
776,sample_000776.npz,15,500,1.9766761196927527,4,4,25,10.0,0.0316227766016837,32,16,train
777,sample_000777.npz,15,500,1.9766761196927527,4,4,25,10.0,0.0316227766016837,32,16,test
778,sample_000778.npz,15,500,1.9766761196927527,4,4,25,10.0,0.0316227766016837,32,16,train
779,sample_000779.npz,15,500,1.9766761196927527,4,4,25,10.0,0.0316227766016837,32,16,validation
780,sample_000780.npz,15,500,1.9766761196927527,4,4,25,10.0,0.0316227766016837,32,16,train
781,sample_000781.npz,15,500,1.9766761196927527,4,4,25,10.0,0.0316227766016837,32,16,train
782,sample_000782.npz,15,500,1.9766761196927527,4,4,25,10.0,0.0316227766016837,32,16,train
783,sample_000783.npz,15,500,1.9766761196927527,4,4,25,10.0,0.0316227766016837,32,16,test
784,sample_000784.npz,15,500,1.9766761196927527,4,4,25,10.0,0.0316227766016837,32,16,train
785,sample_000785.npz,15,500,1.9766761196927527,4,4,25,10.0,0.0316227766016837,32,16,validation
786,sample_000786.npz,15,500,1.9766761196927527,4,4,25,10.0,0.0316227766016837,32,16,train
787,sample_000787.npz,15,500,1.9766761196927527,4,4,25,10.0,0.0316227766016837,32,16,train
788,sample_000788.npz,15,500,1.9766761196927527,4,4,25,10.0,0.0316227766016837,32,16,train
789,sample_000789.npz,15,500,1.9766761196927527,4,4,25,10.0,0.0316227766016837,32,16,train
790,sample_000790.npz,15,500,1.9766761196927527,4,4,25,10.0,0.0316227766016837,32,16,train
791,sample_000791.npz,15,500,1.9766761196927527,4,4,25,10.0,0.0316227766016837,32,16,train
792,sample_000792.npz,15,500,1.9766761196927527,4,4,25,10.0,0.0316227766016837,32,16,train
793,sample_000793.npz,15,500,1.9766761196927527,4,4,25,10.0,0.0316227766016837,32,16,validation
794,sample_000794.npz,15,500,1.9766761196927527,4,4,25,10.0,0.0316227766016837,32,16,test
795,sample_000795.npz,15,500,1.9766761196927527,4,4,25,10.0,0.0316227766016837,32,16,train
796,sample_000796.npz,15,500,1.9766761196927527,4,4,25,10.0,0.0316227766016837,32,16,train
797,sample_000797.npz,15,500,1.9766761196927527,4,4,25,10.0,0.0316227766016837,32,16,train
798,sample_000798.npz,15,500,1.9766761196927527,4,4,25,10.0,0.0316227766016837,32,16,train
799,sample_000799.npz,15,500,1.9766761196927527,4,4,25,10.0,0.0316227766016837,32,16,train
800,sample_000800.npz,20,500,1.9766761196927527,4,4,25,3.1622776601683795,0.01,32,16,train
801,sample_000801.npz,20,500,1.9766761196927527,4,4,25,3.1622776601683795,0.01,32,16,test
802,sample_000802.npz,20,500,1.9766761196927527,4,4,25,3.1622776601683795,0.01,32,16,test
803,sample_000803.npz,20,500,1.9766761196927527,4,4,25,3.1622776601683795,0.01,32,16,train
804,sample_000804.npz,20,500,1.9766761196927527,4,4,25,3.1622776601683795,0.01,32,16,train
805,sample_000805.npz,20,500,1.9766761196927527,4,4,25,3.1622776601683795,0.01,32,16,train
806,sample_000806.npz,20,500,1.9766761196927527,4,4,25,3.1622776601683795,0.01,32,16,validation
807,sample_000807.npz,20,500,1.9766761196927527,4,4,25,3.1622776601683795,0.01,32,16,train
808,sample_000808.npz,20,500,1.9766761196927527,4,4,25,3.1622776601683795,0.01,32,16,train
809,sample_000809.npz,20,500,1.9766761196927527,4,4,25,3.1622776601683795,0.01,32,16,validation
810,sample_000810.npz,20,500,1.9766761196927527,4,4,25,3.1622776601683795,0.01,32,16,train
811,sample_000811.npz,20,500,1.9766761196927527,4,4,25,3.1622776601683795,0.01,32,16,test
812,sample_000812.npz,20,500,1.9766761196927527,4,4,25,3.1622776601683795,0.01,32,16,validation
813,sample_000813.npz,20,500,1.9766761196927527,4,4,25,3.1622776601683795,0.01,32,16,train
814,sample_000814.npz,20,500,1.9766761196927527,4,4,25,3.1622776601683795,0.01,32,16,train
815,sample_000815.npz,20,500,1.9766761196927527,4,4,25,3.1622776601683795,0.01,32,16,validation
816,sample_000816.npz,20,500,1.9766761196927527,4,4,25,3.1622776601683795,0.01,32,16,train
817,sample_000817.npz,20,500,1.9766761196927527,4,4,25,3.1622776601683795,0.01,32,16,validation
818,sample_000818.npz,20,500,1.9766761196927527,4,4,25,3.1622776601683795,0.01,32,16,test
819,sample_000819.npz,20,500,1.9766761196927527,4,4,25,3.1622776601683795,0.01,32,16,train
820,sample_000820.npz,20,500,1.9766761196927527,4,4,25,3.1622776601683795,0.01,32,16,train
821,sample_000821.npz,20,500,1.9766761196927527,4,4,25,3.1622776601683795,0.01,32,16,test
822,sample_000822.npz,20,500,1.9766761196927527,4,4,25,3.1622776601683795,0.01,32,16,train
823,sample_000823.npz,20,500,1.9766761196927527,4,4,25,3.1622776601683795,0.01,32,16,validation
824,sample_000824.npz,20,500,1.9766761196927527,4,4,25,3.1622776601683795,0.01,32,16,train
825,sample_000825.npz,20,500,1.9766761196927527,4,4,25,3.1622776601683795,0.01,32,16,train
826,sample_000826.npz,20,500,1.9766761196927527,4,4,25,3.1622776601683795,0.01,32,16,train
827,sample_000827.npz,20,500,1.9766761196927527,4,4,25,3.1622776601683795,0.01,32,16,train
828,sample_000828.npz,20,500,1.9766761196927527,4,4,25,3.1622776601683795,0.01,32,16,train
829,sample_000829.npz,20,500,1.9766761196927527,4,4,25,3.1622776601683795,0.01,32,16,train
830,sample_000830.npz,20,500,1.9766761196927527,4,4,25,3.1622776601683795,0.01,32,16,train
831,sample_000831.npz,20,500,1.9766761196927527,4,4,25,3.1622776601683795,0.01,32,16,train
832,sample_000832.npz,20,500,1.9766761196927527,4,4,25,3.1622776601683795,0.01,32,16,train
833,sample_000833.npz,20,500,1.9766761196927527,4,4,25,3.1622776601683795,0.01,32,16,train
834,sample_000834.npz,20,500,1.9766761196927527,4,4,25,3.1622776601683795,0.01,32,16,test
835,sample_000835.npz,20,500,1.9766761196927527,4,4,25,3.1622776601683795,0.01,32,16,test
836,sample_000836.npz,20,500,1.9766761196927527,4,4,25,3.1622776601683795,0.01,32,16,train
837,sample_000837.npz,20,500,1.9766761196927527,4,4,25,3.1622776601683795,0.01,32,16,train
838,sample_000838.npz,20,500,1.9766761196927527,4,4,25,3.1622776601683795,0.01,32,16,train
839,sample_000839.npz,20,500,1.9766761196927527,4,4,25,3.1622776601683795,0.01,32,16,train
840,sample_000840.npz,20,500,1.9766761196927527,4,4,25,3.1622776601683795,0.01,32,16,train
841,sample_000841.npz,20,500,1.9766761196927527,4,4,25,3.1622776601683795,0.01,32,16,train
842,sample_000842.npz,20,500,1.9766761196927527,4,4,25,3.1622776601683795,0.01,32,16,train
843,sample_000843.npz,20,500,1.9766761196927527,4,4,25,3.1622776601683795,0.01,32,16,test
844,sample_000844.npz,20,500,1.9766761196927527,4,4,25,3.1622776601683795,0.01,32,16,validation
845,sample_000845.npz,20,500,1.9766761196927527,4,4,25,3.1622776601683795,0.01,32,16,train
846,sample_000846.npz,20,500,1.9766761196927527,4,4,25,3.1622776601683795,0.01,32,16,train
847,sample_000847.npz,20,500,1.9766761196927527,4,4,25,3.1622776601683795,0.01,32,16,train
848,sample_000848.npz,20,500,1.9766761196927527,4,4,25,3.1622776601683795,0.01,32,16,train
849,sample_000849.npz,20,500,1.9766761196927527,4,4,25,3.1622776601683795,0.01,32,16,train
850,sample_000850.npz,20,500,1.9766761196927527,4,4,25,3.1622776601683795,0.01,32,16,train
851,sample_000851.npz,20,500,1.9766761196927527,4,4,25,3.1622776601683795,0.01,32,16,train
852,sample_000852.npz,20,500,1.9766761196927527,4,4,25,3.1622776601683795,0.01,32,16,train
853,sample_000853.npz,20,500,1.9766761196927527,4,4,25,3.1622776601683795,0.01,32,16,train
854,sample_000854.npz,20,500,1.9766761196927527,4,4,25,3.1622776601683795,0.01,32,16,validation
855,sample_000855.npz,20,500,1.9766761196927527,4,4,25,3.1622776601683795,0.01,32,16,train
856,sample_000856.npz,20,500,1.9766761196927527,4,4,25,3.1622776601683795,0.01,32,16,train
857,sample_000857.npz,20,500,1.9766761196927527,4,4,25,3.1622776601683795,0.01,32,16,train
858,sample_000858.npz,20,500,1.9766761196927527,4,4,25,3.1622776601683795,0.01,32,16,train
859,sample_000859.npz,20,500,1.9766761196927527,4,4,25,3.1622776601683795,0.01,32,16,train
860,sample_000860.npz,20,500,1.9766761196927527,4,4,25,3.1622776601683795,0.01,32,16,test
861,sample_000861.npz,20,500,1.9766761196927527,4,4,25,3.1622776601683795,0.01,32,16,train
862,sample_000862.npz,20,500,1.9766761196927527,4,4,25,3.1622776601683795,0.01,32,16,validation
863,sample_000863.npz,20,500,1.9766761196927527,4,4,25,3.1622776601683795,0.01,32,16,train
864,sample_000864.npz,20,500,1.9766761196927527,4,4,25,3.1622776601683795,0.01,32,16,train
865,sample_000865.npz,20,500,1.9766761196927527,4,4,25,3.1622776601683795,0.01,32,16,test
866,sample_000866.npz,20,500,1.9766761196927527,4,4,25,3.1622776601683795,0.01,32,16,validation
867,sample_000867.npz,20,500,1.9766761196927527,4,4,25,3.1622776601683795,0.01,32,16,train
868,sample_000868.npz,20,500,1.9766761196927527,4,4,25,3.1622776601683795,0.01,32,16,train
869,sample_000869.npz,20,500,1.9766761196927527,4,4,25,3.1622776601683795,0.01,32,16,train
870,sample_000870.npz,20,500,1.9766761196927527,4,4,25,3.1622776601683795,0.01,32,16,train
871,sample_000871.npz,20,500,1.9766761196927527,4,4,25,3.1622776601683795,0.01,32,16,test
872,sample_000872.npz,20,500,1.9766761196927527,4,4,25,3.1622776601683795,0.01,32,16,train
873,sample_000873.npz,20,500,1.9766761196927527,4,4,25,3.1622776601683795,0.01,32,16,validation
874,sample_000874.npz,20,500,1.9766761196927527,4,4,25,3.1622776601683795,0.01,32,16,test
875,sample_000875.npz,20,500,1.9766761196927527,4,4,25,3.1622776601683795,0.01,32,16,train
876,sample_000876.npz,20,500,1.9766761196927527,4,4,25,3.1622776601683795,0.01,32,16,train
877,sample_000877.npz,20,500,1.9766761196927527,4,4,25,3.1622776601683795,0.01,32,16,train
878,sample_000878.npz,20,500,1.9766761196927527,4,4,25,3.1622776601683795,0.01,32,16,train
879,sample_000879.npz,20,500,1.9766761196927527,4,4,25,3.1622776601683795,0.01,32,16,train
880,sample_000880.npz,20,500,1.9766761196927527,4,4,25,3.1622776601683795,0.01,32,16,train
881,sample_000881.npz,20,500,1.9766761196927527,4,4,25,3.1622776601683795,0.01,32,16,train
882,sample_000882.npz,20,500,1.9766761196927527,4,4,25,3.1622776601683795,0.01,32,16,validation
883,sample_000883.npz,20,500,1.9766761196927527,4,4,25,3.1622776601683795,0.01,32,16,train
884,sample_000884.npz,20,500,1.9766761196927527,4,4,25,3.1622776601683795,0.01,32,16,test
885,sample_000885.npz,20,500,1.9766761196927527,4,4,25,3.1622776601683795,0.01,32,16,validation
886,sample_000886.npz,20,500,1.9766761196927527,4,4,25,3.1622776601683795,0.01,32,16,test
887,sample_000887.npz,20,500,1.9766761196927527,4,4,25,3.1622776601683795,0.01,32,16,train
888,sample_000888.npz,20,500,1.9766761196927527,4,4,25,3.1622776601683795,0.01,32,16,test
889,sample_000889.npz,20,500,1.9766761196927527,4,4,25,3.1622776601683795,0.01,32,16,validation
890,sample_000890.npz,20,500,1.9766761196927527,4,4,25,3.1622776601683795,0.01,32,16,validation
891,sample_000891.npz,20,500,1.9766761196927527,4,4,25,3.1622776601683795,0.01,32,16,train
892,sample_000892.npz,20,500,1.9766761196927527,4,4,25,3.1622776601683795,0.01,32,16,train
893,sample_000893.npz,20,500,1.9766761196927527,4,4,25,3.1622776601683795,0.01,32,16,train
894,sample_000894.npz,20,500,1.9766761196927527,4,4,25,3.1622776601683795,0.01,32,16,train
895,sample_000895.npz,20,500,1.9766761196927527,4,4,25,3.1622776601683795,0.01,32,16,train
896,sample_000896.npz,20,500,1.9766761196927527,4,4,25,3.1622776601683795,0.01,32,16,train
897,sample_000897.npz,20,500,1.9766761196927527,4,4,25,3.1622776601683795,0.01,32,16,train
898,sample_000898.npz,20,500,1.9766761196927527,4,4,25,3.1622776601683795,0.01,32,16,train
899,sample_000899.npz,20,500,1.9766761196927527,4,4,25,3.1622776601683795,0.01,32,16,train
