sample_index,file,snr_db,velocity_kmh,active_model_before,active_model_after,active_confidence_margin,active_confidence_z,environment_distance,decision,reason,recommended_adaptation_model,candidate_confidence_z_scores,candidate_gate_results,ber,ser,nmse
0,sample_000015.npz,10.0,30.0,oamp_dl,oamp_dl,0.6163049936294556,-0.06331559316758271,0.3653394285903565,KEEP,active confidence is not low for two consecutive frames,,{},{},0.021739130434782608,0.043478260869565216,0.07418777412526807
1,sample_000027.npz,10.0,30.0,oamp_dl,oamp_dl,0.6366519331932068,0.2018029227246233,0.3223719725413326,KEEP,active confidence is not low for two consecutive frames,,{},{},0.004076086956521739,0.008152173913043478,0.025552014076951596
2,sample_000032.npz,10.0,30.0,oamp_dl,oamp_dl,0.5862442255020142,-0.45500428952195887,0.8363643234950673,KEEP,active confidence is not low for two consecutive frames,,{},{},0.04076086956521739,0.07880434782608696,0.12270287390867557
3,sample_000046.npz,10.0,30.0,oamp_dl,oamp_dl,0.567931592464447,-0.6936160020002209,0.834934032151919,KEEP,active confidence is not low for two consecutive frames,,{},{},0.057065217391304345,0.10869565217391304,0.17286137145500283
4,sample_000047.npz,10.0,30.0,oamp_dl,oamp_dl,0.5989733934402466,-0.28914454920312266,0.26306489336098565,KEEP,active confidence is not low for two consecutive frames,,{},{},0.02717391304347826,0.051630434782608696,0.08677295248413977
5,sample_000052.npz,10.0,30.0,oamp_dl,oamp_dl,0.6302779912948608,0.11875111971621637,0.3160386676271625,KEEP,active confidence is not low for two consecutive frames,,{},{},0.019021739130434784,0.03804347826086957,0.06559147719549273
6,sample_000054.npz,10.0,30.0,oamp_dl,oamp_dl,0.4695841670036316,-1.9750727733390412,1.4313148393450603,KEEP,active confidence is not low for two consecutive frames,,{},{},0.07608695652173914,0.14130434782608695,0.24441652400988823
7,sample_000059.npz,10.0,30.0,oamp_dl,oamp_dl,0.5443231463432312,-1.0012316106556147,1.082125398056109,ADAPT,no candidate clears the fixed switch margin or the switch cooldown blocks a change; adaptation is only recommended,pi_egnn,"{""mmse"": -1.2515180977222928, ""oamp_dl"": -1.0012316106556147, ""original_gnn"": -0.8947311041595164, ""pi_egnn"": -0.9549745946071252}","{""mmse"": {""passes_active_ber_noninferiority"": false, ""passes_best_receiver_ber_floor"": false, ""passes_confidence_z_gap"": false}, ""original_gnn"": {""passes_active_ber_noninferiority"": true, ""passes_best_receiver_ber_floor"": true, ""passes_confidence_z_gap"": false}, ""pi_egnn"": {""passes_active_ber_noninferiority"": false, ""passes_best_receiver_ber_floor"": false, ""passes_confidence_z_gap"": false}}",0.06657608695652174,0.12771739130434784,0.1871338900399065
8,sample_000067.npz,10.0,30.0,oamp_dl,oamp_dl,0.6165363192558289,-0.06030144420627253,0.46955925269600524,KEEP,active confidence is not low for two consecutive frames,,{},{},0.019021739130434784,0.03804347826086957,0.07202146991105111
9,sample_000068.npz,10.0,30.0,oamp_dl,oamp_dl,0.5076632499694824,-1.4789062648176325,0.9079702224110671,KEEP,active confidence is not low for two consecutive frames,,{},{},0.051630434782608696,0.09782608695652174,0.16300448639260576
10,sample_000073.npz,10.0,30.0,oamp_dl,oamp_dl,0.506380021572113,-1.495626597976109,2.2280967521500687,ADAPT,no candidate clears the fixed switch margin or the switch cooldown blocks a change; adaptation is only recommended,pi_egnn,"{""mmse"": -2.4435170094022296, ""oamp_dl"": -1.495626597976109, ""original_gnn"": -2.8072688654010767, ""pi_egnn"": -2.622864485383786}","{""mmse"": {""passes_active_ber_noninferiority"": false, ""passes_best_receiver_ber_floor"": false, ""passes_confidence_z_gap"": false}, ""original_gnn"": {""passes_active_ber_noninferiority"": true, ""passes_best_receiver_ber_floor"": true, ""passes_confidence_z_gap"": false}, ""pi_egnn"": {""passes_active_ber_noninferiority"": false, ""passes_best_receiver_ber_floor"": false, ""passes_confidence_z_gap"": false}}",0.17527173913043478,0.3179347826086957,0.5069926758677294
11,sample_000079.npz,10.0,30.0,oamp_dl,oamp_dl,0.5738735795021057,-0.616192526104057,0.49943682442499887,KEEP,active confidence is not low for two consecutive frames,,{},{},0.04619565217391304,0.08967391304347826,0.14140216615458345
12,sample_000081.npz,10.0,30.0,oamp_dl,oamp_dl,0.5575574636459351,-0.8287898264184318,1.5373017872797239,KEEP,active confidence is not low for two consecutive frames,,{},{},0.06657608695652174,0.125,0.1859179980130954
13,sample_000084.npz,10.0,30.0,oamp_dl,oamp_dl,0.6185355186462402,-0.034252083136624256,0.25043680574524524,KEEP,active confidence is not low for two consecutive frames,,{},{},0.035326086956521736,0.07065217391304347,0.09858385330066054
14,sample_000089.npz,10.0,30.0,oamp_dl,oamp_dl,0.6040462255477905,-0.22304607205826638,0.6954130536392674,KEEP,active confidence is not low for two consecutive frames,,{},{},0.03804347826086957,0.07065217391304347,0.11374857082211869
15,sample_000101.npz,15.0,30.0,oamp_dl,oamp_dl,0.6624206304550171,0.537566380080034,0.2009194106565482,KEEP,active confidence is not low for two consecutive frames,,{},{},0.006793478260869565,0.01358695652173913,0.022280280317277378
16,sample_000105.npz,15.0,30.0,oamp_dl,oamp_dl,0.6266908049583435,0.07201045315127669,0.617455655821496,KEEP,active confidence is not low for two consecutive frames,,{},{},0.014945652173913044,0.029891304347826088,0.05348073697500594
17,sample_000118.npz,15.0,30.0,oamp_dl,oamp_dl,0.648460865020752,0.35567208179798976,0.253109366415614,KEEP,active confidence is not low for two consecutive frames,,{},{},0.020380434782608696,0.04076086956521739,0.06359146351237933
18,sample_000124.npz,15.0,30.0,oamp_dl,oamp_dl,0.6591736674308777,0.49525878805030643,0.2353300502302207,KEEP,active confidence is not low for two consecutive frames,,{},{},0.010869565217391304,0.021739130434782608,0.0449917797754425
19,sample_000130.npz,15.0,30.0,oamp_dl,oamp_dl,0.6740301251411438,0.6888368938494726,0.8046914300079616,KEEP,active confidence is not low for two consecutive frames,,{},{},0.01358695652173913,0.02717391304347826,0.04316323527084958
20,sample_000139.npz,15.0,30.0,oamp_dl,oamp_dl,0.6690074801445007,0.6233923495635246,0.2447608709495609,KEEP,active confidence is not low for two consecutive frames,,{},{},0.004076086956521739,0.008152173913043478,0.01501959006057088
21,sample_000144.npz,15.0,30.0,oamp_dl,oamp_dl,0.669690728187561,0.6322950008244106,0.5842552822439744,KEEP,active confidence is not low for two consecutive frames,,{},{},0.008152173913043478,0.016304347826086956,0.02109533131896525
22,sample_000146.npz,15.0,30.0,oamp_dl,oamp_dl,0.6194815635681152,-0.021925215753497415,0.32360713023032855,KEEP,active confidence is not low for two consecutive frames,,{},{},0.03125,0.0625,0.09071952228297238
23,sample_000149.npz,15.0,30.0,oamp_dl,oamp_dl,0.6540095210075378,0.42797049482487115,0.5669100891738688,KEEP,active confidence is not low for two consecutive frames,,{},{},0.010869565217391304,0.021739130434782608,0.026799209675989005
24,sample_000156.npz,15.0,30.0,oamp_dl,oamp_dl,0.6703571081161499,0.6409778623001766,0.47000854286483995,KEEP,active confidence is not low for two consecutive frames,,{},{},0.006793478260869565,0.01358695652173913,0.01880722263614005
25,sample_000157.npz,15.0,30.0,oamp_dl,oamp_dl,0.6313090324401855,0.132185479090796,0.4371544284993773,KEEP,active confidence is not low for two consecutive frames,,{},{},0.029891304347826088,0.05434782608695652,0.08852289377894781
26,sample_000164.npz,15.0,30.0,oamp_dl,oamp_dl,0.7041776776313782,1.081656381465809,1.0450503827478403,KEEP,active confidence is not low for two consecutive frames,,{},{},0.0,0.0,4.953771620938651e-05
27,sample_000179.npz,15.0,30.0,oamp_dl,oamp_dl,0.32344481348991394,-3.879253419062661,1.9806679749213898,KEEP,active confidence is not low for two consecutive frames,,{},{},0.22146739130434784,0.4076086956521739,0.6218025813025233
28,sample_000180.npz,15.0,30.0,oamp_dl,oamp_dl,0.6549404263496399,0.44010009505103515,0.3402164595301103,KEEP,active confidence is not low for two consecutive frames,,{},{},0.028532608695652172,0.057065217391304345,0.08480025703321423
29,sample_000199.npz,15.0,30.0,oamp_dl,oamp_dl,0.4903146028518677,-1.7049573405653433,1.5991485717453942,KEEP,active confidence is not low for two consecutive frames,,{},{},0.1358695652173913,0.25,0.43292137272378817
30,sample_000200.npz,20.0,30.0,oamp_dl,oamp_dl,0.6948282122612,0.9598338156907013,0.5865840506605682,KEEP,active confidence is not low for two consecutive frames,,{},{},0.001358695652173913,0.002717391304347826,0.0052394058386581255
31,sample_000206.npz,20.0,30.0,oamp_dl,oamp_dl,0.6609823107719421,0.5188252235262137,0.6800409864673359,KEEP,active confidence is not low for two consecutive frames,,{},{},0.01358695652173913,0.02717391304347826,0.036314536466812694
32,sample_000220.npz,20.0,30.0,oamp_dl,oamp_dl,0.6825795769691467,0.8002353659995596,0.8494061374298386,KEEP,active confidence is not low for two consecutive frames,,{},{},0.001358695652173913,0.002717391304347826,0.0056994672191082105
33,sample_000235.npz,20.0,30.0,oamp_dl,oamp_dl,0.6889315247535706,0.8830005879807252,0.8124091688198259,KEEP,active confidence is not low for two consecutive frames,,{},{},0.002717391304347826,0.005434782608695652,0.0067965665040007565
34,sample_000239.npz,20.0,30.0,oamp_dl,oamp_dl,0.6948121190071106,0.9596241222561345,0.7604100183964393,KEEP,active confidence is not low for two consecutive frames,,{},{},0.0,0.0,0.002533484297283407
35,sample_000243.npz,20.0,30.0,oamp_dl,oamp_dl,0.6641444563865662,0.5600276534915392,0.800486852559772,KEEP,active confidence is not low for two consecutive frames,,{},{},0.005434782608695652,0.010869565217391304,0.020579070456258307
36,sample_000244.npz,20.0,30.0,oamp_dl,oamp_dl,0.7058559656143188,1.1035243001217252,1.2276811796256575,KEEP,active confidence is not low for two consecutive frames,,{},{},0.0,0.0,2.0618818089738725e-05
37,sample_000248.npz,20.0,30.0,oamp_dl,oamp_dl,0.7070863842964172,1.1195565281578823,1.829042272382432,KEEP,active confidence is not low for two consecutive frames,,{},{},0.0,0.0,4.7201520517905247e-08
38,sample_000253.npz,20.0,30.0,oamp_dl,oamp_dl,0.6978363394737244,0.9990294018229874,1.430377310581529,KEEP,active confidence is not low for two consecutive frames,,{},{},0.0,0.0,0.0012034018075067635
39,sample_000254.npz,20.0,30.0,oamp_dl,oamp_dl,0.6977960467338562,0.9985043915942201,0.9895866302323743,KEEP,active confidence is not low for two consecutive frames,,{},{},0.0,0.0,0.0015390394190977583
40,sample_000258.npz,20.0,30.0,oamp_dl,oamp_dl,0.6102120876312256,-0.14270552749457313,0.4401110389246395,KEEP,active confidence is not low for two consecutive frames,,{},{},0.020380434782608696,0.03804347826086957,0.06328009547333062
41,sample_000259.npz,20.0,30.0,oamp_dl,oamp_dl,0.6300346255302429,0.1155800890001562,0.2296476550671615,KEEP,active confidence is not low for two consecutive frames,,{},{},0.024456521739130436,0.04619565217391304,0.07267396384247315
42,sample_000271.npz,20.0,30.0,oamp_dl,oamp_dl,0.6673151850700378,0.6013419199553003,1.0690511499578756,KEEP,active confidence is not low for two consecutive frames,,{},{},0.008152173913043478,0.016304347826086956,0.020815025890526515
43,sample_000273.npz,20.0,30.0,oamp_dl,oamp_dl,0.6887429356575012,0.8805432915845425,0.4578431770725542,KEEP,active confidence is not low for two consecutive frames,,{},{},0.002717391304347826,0.005434782608695652,0.006392981212193351
44,sample_000285.npz,20.0,30.0,oamp_dl,oamp_dl,0.6765820384025574,0.7220880594329651,0.9547451311687516,KEEP,active confidence is not low for two consecutive frames,,{},{},0.005434782608695652,0.010869565217391304,0.01921300856151134
45,sample_000301.npz,10.0,120.0,oamp_dl,oamp_dl,0.5546122193336487,-0.8671660548712069,0.8736719169846527,KEEP,active confidence is not low for two consecutive frames,,{},{},0.06929347826086957,0.13043478260869565,0.20459790065296485
46,sample_000306.npz,10.0,120.0,oamp_dl,oamp_dl,0.4474847912788391,-2.2630253509708713,1.0421326783041562,KEEP,active confidence is not low for two consecutive frames,,{},{},0.13179347826086957,0.24728260869565216,0.35834889300798367
47,sample_000308.npz,10.0,120.0,oamp_dl,original_gnn,0.39803484082221985,-2.907353085612503,2.6295058082083327,SWITCH,candidate exceeds active confidence by the fixed switch margin,,"{""mmse"": -1.4013653307998566, ""oamp_dl"": -2.907353085612503, ""original_gnn"": -2.066367685480979, ""pi_egnn"": -2.1608890588510907}","{""mmse"": {""passes_active_ber_noninferiority"": false, ""passes_best_receiver_ber_floor"": false, ""passes_confidence_z_gap"": true}, ""original_gnn"": {""passes_active_ber_noninferiority"": true, ""passes_best_receiver_ber_floor"": true, ""passes_confidence_z_gap"": true}, ""pi_egnn"": {""passes_active_ber_noninferiority"": false, ""passes_best_receiver_ber_floor"": false, ""passes_confidence_z_gap"": true}}",0.13722826086956522,0.2554347826086957,0.39180033755507987
48,sample_000321.npz,10.0,120.0,original_gnn,original_gnn,0.61031174659729,-0.046619497685119755,0.46609477063009275,KEEP,active confidence is not low for two consecutive frames,,{},{},0.033967391304347824,0.06521739130434782,0.1015419097595573
49,sample_000326.npz,10.0,120.0,original_gnn,original_gnn,0.4100947678089142,-2.360581028122159,2.2543086271815964,KEEP,active confidence is not low for two consecutive frames,,{},{},0.14945652173913043,0.28804347826086957,0.41406760290036987
50,sample_000331.npz,10.0,120.0,original_gnn,original_gnn,0.48786213994026184,-1.4618025702505955,1.8198600211556042,ADAPT,no candidate clears the fixed switch margin or the switch cooldown blocks a change; adaptation is only recommended,oamp_dl,"{""mmse"": -1.601029255178296, ""oamp_dl"": -0.8798478478083968, ""original_gnn"": -1.4618025702505955, ""pi_egnn"": -1.5438076604682263}","{""mmse"": {""passes_active_ber_noninferiority"": false, ""passes_best_receiver_ber_floor"": false, ""passes_confidence_z_gap"": false}, ""oamp_dl"": {""passes_active_ber_noninferiority"": true, ""passes_best_receiver_ber_floor"": true, ""passes_confidence_z_gap"": true}, ""pi_egnn"": {""passes_active_ber_noninferiority"": true, ""passes_best_receiver_ber_floor"": false, ""passes_confidence_z_gap"": false}}",0.08288043478260869,0.16032608695652173,0.2603846546563867
51,sample_000339.npz,10.0,120.0,original_gnn,original_gnn,0.553718090057373,-0.7006876236383691,0.8263757364114133,KEEP,active confidence is not low for two consecutive frames,,{},{},0.08152173913043478,0.15760869565217392,0.26115813688317013
52,sample_000351.npz,10.0,120.0,original_gnn,original_gnn,0.6854163408279419,0.8213845190596469,0.4795271235281598,KEEP,active confidence is not low for two consecutive frames,,{},{},0.002717391304347826,0.005434782608695652,0.007853029501182046
53,sample_000362.npz,10.0,120.0,original_gnn,original_gnn,0.5926113724708557,-0.2511874871272323,0.7021457327862022,KEEP,active confidence is not low for two consecutive frames,,{},{},0.06521739130434782,0.125,0.21193303652478673
54,sample_000363.npz,10.0,120.0,original_gnn,original_gnn,0.44949012994766235,-1.9052782210457813,1.4549144462709145,KEEP,active confidence is not low for two consecutive frames,,{},{},0.12228260869565218,0.23369565217391305,0.3521896871828836
55,sample_000373.npz,10.0,120.0,original_gnn,original_gnn,0.5587306618690491,-0.6427559816219787,1.0321250811970548,KEEP,active confidence is not low for two consecutive frames,,{},{},0.059782608695652176,0.11684782608695653,0.19656920839298148
56,sample_000380.npz,10.0,120.0,original_gnn,original_gnn,0.6363711953163147,0.2545565674274997,0.26230488226204335,KEEP,active confidence is not low for two consecutive frames,,{},{},0.017663043478260868,0.035326086956521736,0.05391867184780099
57,sample_000388.npz,10.0,120.0,original_gnn,original_gnn,0.4221372604370117,-2.2214026984888724,2.048529080679338,KEEP,active confidence is not low for two consecutive frames,,{},{},0.1358695652173913,0.2554347826086957,0.38700747734733
58,sample_000389.npz,10.0,120.0,original_gnn,original_gnn,0.6625504493713379,0.5571172550647389,0.19603295347150687,KEEP,active confidence is not low for two consecutive frames,,{},{},0.008152173913043478,0.016304347826086956,0.029211199883176827
59,sample_000393.npz,10.0,120.0,original_gnn,original_gnn,0.6621954441070557,0.5530143636435274,0.21374170725518674,KEEP,active confidence is not low for two consecutive frames,,{},{},0.012228260869565218,0.024456521739130436,0.039120375899290384
60,sample_000402.npz,15.0,120.0,original_gnn,original_gnn,0.6290760636329651,0.17024476641592912,0.20358323185821972,KEEP,active confidence is not low for two consecutive frames,,{},{},0.006793478260869565,0.01358695652173913,0.03156048432549761
61,sample_000404.npz,15.0,120.0,original_gnn,original_gnn,0.6978155970573425,0.9646860616885113,0.7682571403126988,KEEP,active confidence is not low for two consecutive frames,,{},{},0.0,0.0,0.0035717629101617208
62,sample_000417.npz,15.0,120.0,original_gnn,original_gnn,0.6713248491287231,0.6585253554872609,0.7396209165388095,KEEP,active confidence is not low for two consecutive frames,,{},{},0.004076086956521739,0.008152173913043478,0.02295277106487832
63,sample_000420.npz,15.0,120.0,original_gnn,original_gnn,0.6311805844306946,0.19456727989815453,0.38826296469836336,KEEP,active confidence is not low for two consecutive frames,,{},{},0.043478260869565216,0.08695652173913043,0.13008714240839164
64,sample_000430.npz,15.0,120.0,original_gnn,original_gnn,0.6658984422683716,0.5958109103920473,0.881350959307986,KEEP,active confidence is not low for two consecutive frames,,{},{},0.02309782608695652,0.04619565217391304,0.0664469094700329
65,sample_000438.npz,15.0,120.0,original_gnn,original_gnn,0.5286440849304199,-0.9904746518357956,0.7444137914957565,KEEP,active confidence is not low for two consecutive frames,,{},{},0.08288043478260869,0.15760869565217392,0.22907484153503402
66,sample_000445.npz,15.0,120.0,original_gnn,original_gnn,0.6810098886489868,0.770457964830748,0.19217598366993963,KEEP,active confidence is not low for two consecutive frames,,{},{},0.009510869565217392,0.019021739130434784,0.024313722349158802
67,sample_000450.npz,15.0,120.0,original_gnn,original_gnn,0.6128078699111938,-0.017771128488092553,0.25571269285377357,KEEP,active confidence is not low for two consecutive frames,,{},{},0.04076086956521739,0.08152173913043478,0.12161247614099499
68,sample_000453.npz,15.0,120.0,original_gnn,original_gnn,0.658003032207489,0.5045615305518969,0.5096467067037864,KEEP,active confidence is not low for two consecutive frames,,{},{},0.017663043478260868,0.035326086956521736,0.062010887425031115
69,sample_000468.npz,15.0,120.0,original_gnn,original_gnn,0.4981746971607208,-1.3426175698925826,0.6216322505442774,KEEP,active confidence is not low for two consecutive frames,,{},{},0.10733695652173914,0.20108695652173914,0.30808766821428146
70,sample_000470.npz,15.0,120.0,original_gnn,original_gnn,0.6892418265342712,0.8655966873445317,0.694630139903741,KEEP,active confidence is not low for two consecutive frames,,{},{},0.0,0.0,0.0034397102993192854
71,sample_000473.npz,15.0,120.0,original_gnn,original_gnn,0.6798908114433289,0.7575244882637155,0.49503571673853375,KEEP,active confidence is not low for two consecutive frames,,{},{},0.012228260869565218,0.024456521739130436,0.03488745105640729
72,sample_000489.npz,15.0,120.0,original_gnn,original_gnn,0.6745282411575317,0.6955478196480381,0.4887273799950743,KEEP,active confidence is not low for two consecutive frames,,{},{},0.016304347826086956,0.029891304347826088,0.06296915696165896
73,sample_000497.npz,15.0,120.0,original_gnn,original_gnn,0.6191185116767883,0.055162657479127825,0.19119103974117943,KEEP,active confidence is not low for two consecutive frames,,{},{},0.04619565217391304,0.09239130434782608,0.12243337352099712
74,sample_000498.npz,15.0,120.0,original_gnn,original_gnn,0.6750926375389099,0.7020707005861596,0.5077357596519143,KEEP,active confidence is not low for two consecutive frames,,{},{},0.01358695652173913,0.02717391304347826,0.04238980565437508
75,sample_000513.npz,20.0,120.0,original_gnn,original_gnn,0.5337975025177002,-0.9309152172693175,0.19310447191776317,KEEP,active confidence is not low for two consecutive frames,,{},{},0.10461956521739131,0.19293478260869565,0.2920083023294183
76,sample_000524.npz,20.0,120.0,original_gnn,original_gnn,0.6260814666748047,0.13563540310278513,0.36328405273920167,KEEP,active confidence is not low for two consecutive frames,,{},{},0.014945652173913044,0.029891304347826088,0.0601714246893566
77,sample_000525.npz,20.0,120.0,original_gnn,original_gnn,0.6456454992294312,0.36174219477240255,0.618510944784217,KEEP,active confidence is not low for two consecutive frames,,{},{},0.050271739130434784,0.09782608695652174,0.17342302874580992
78,sample_000526.npz,20.0,120.0,original_gnn,original_gnn,0.6249672174453735,0.12275772475689406,0.25720316719446273,KEEP,active confidence is not low for two consecutive frames,,{},{},0.019021739130434784,0.03804347826086957,0.05967682581018948
79,sample_000547.npz,20.0,120.0,original_gnn,original_gnn,0.6890503168106079,0.8633833579059231,1.0725315322687516,KEEP,active confidence is not low for two consecutive frames,,{},{},0.0,0.0,0.0026959470643313343
80,sample_000550.npz,20.0,120.0,original_gnn,original_gnn,0.5478670597076416,-0.7683095567263145,0.45783891737168925,KEEP,active confidence is not low for two consecutive frames,,{},{},0.051630434782608696,0.10326086956521739,0.17199014037472724
81,sample_000558.npz,20.0,120.0,original_gnn,original_gnn,0.6301284432411194,0.1824074008908972,0.21944821185980776,KEEP,active confidence is not low for two consecutive frames,,{},{},0.02309782608695652,0.04619565217391304,0.07773762228758162
82,sample_000559.npz,20.0,120.0,original_gnn,original_gnn,0.6386299133300781,0.2806611796516113,0.39567040785660423,KEEP,active confidence is not low for two consecutive frames,,{},{},0.028532608695652172,0.057065217391304345,0.0954385853740438
83,sample_000568.npz,20.0,120.0,original_gnn,original_gnn,0.6411626935005188,0.30993320200915647,0.3429193570990154,KEEP,active confidence is not low for two consecutive frames,,{},{},0.019021739130434784,0.03804347826086957,0.06701773413776733
84,sample_000581.npz,20.0,120.0,original_gnn,original_gnn,0.7017548680305481,1.010213276938321,1.5164288911386024,KEEP,active confidence is not low for two consecutive frames,,{},{},0.0,0.0,0.0007843534558376032
85,sample_000582.npz,20.0,120.0,original_gnn,original_gnn,0.6098572611808777,-0.05187210800861496,0.5792299919572491,KEEP,active confidence is not low for two consecutive frames,,{},{},0.06793478260869565,0.12771739130434784,0.20053320847264058
86,sample_000586.npz,20.0,120.0,original_gnn,original_gnn,0.6100637316703796,-0.04948587297116088,0.2037408338905121,KEEP,active confidence is not low for two consecutive frames,,{},{},0.03940217391304348,0.07608695652173914,0.12115549146716692
87,sample_000591.npz,20.0,120.0,original_gnn,original_gnn,0.6174595355987549,0.035989424281246886,0.6293119837153932,KEEP,active confidence is not low for two consecutive frames,,{},{},0.024456521739130436,0.04891304347826087,0.08099272089959504
88,sample_000596.npz,20.0,120.0,original_gnn,original_gnn,0.6783247590065002,0.7394251986060745,0.8052624411242667,KEEP,active confidence is not low for two consecutive frames,,{},{},0.020380434782608696,0.04076086956521739,0.061714782300594725
89,sample_000598.npz,20.0,120.0,original_gnn,original_gnn,0.6978150010108948,0.9646791730192346,0.6651328508526932,KEEP,active confidence is not low for two consecutive frames,,{},{},0.001358695652173913,0.002717391304347826,0.003152464064492684
90,sample_000609.npz,10.0,500.0,original_gnn,original_gnn,0.6554216146469116,0.47472739278137177,0.5814519176358177,KEEP,active confidence is not low for two consecutive frames,,{},{},0.010869565217391304,0.021739130434782608,0.03767409476706473
91,sample_000611.npz,10.0,500.0,original_gnn,original_gnn,0.6072009205818176,-0.08257215150722316,0.550289085832996,KEEP,active confidence is not low for two consecutive frames,,{},{},0.03804347826086957,0.07608695652173914,0.10455177748407897
92,sample_000619.npz,10.0,500.0,original_gnn,original_gnn,0.4853907525539398,-1.490365059672639,1.2907349704939242,KEEP,active confidence is not low for two consecutive frames,,{},{},0.09375,0.18478260869565216,0.2781922977896804
93,sample_000631.npz,10.0,500.0,original_gnn,original_gnn,0.3076477646827698,-3.5445886261642103,3.7282725680091455,ADAPT,no candidate clears the fixed switch margin or the switch cooldown blocks a change; adaptation is only recommended,oamp_dl,"{""mmse"": -2.1694536262333255, ""oamp_dl"": -3.8320960838768134, ""original_gnn"": -3.5445886261642103, ""pi_egnn"": -3.907296199896164}","{""mmse"": {""passes_active_ber_noninferiority"": false, ""passes_best_receiver_ber_floor"": false, ""passes_confidence_z_gap"": true}, ""oamp_dl"": {""passes_active_ber_noninferiority"": true, ""passes_best_receiver_ber_floor"": true, ""passes_confidence_z_gap"": false}, ""pi_egnn"": {""passes_active_ber_noninferiority"": true, ""passes_best_receiver_ber_floor"": false, ""passes_confidence_z_gap"": false}}",0.22282608695652173,0.38858695652173914,0.565621624307605
94,sample_000636.npz,10.0,500.0,original_gnn,original_gnn,0.5924066305160522,-0.2535537450237839,0.7288351145880007,KEEP,active confidence is not low for two consecutive frames,,{},{},0.033967391304347824,0.06793478260869565,0.12021320947568467
95,sample_000640.npz,10.0,500.0,original_gnn,original_gnn,0.5983248353004456,-0.1851554589083527,0.49808089049805193,KEEP,active confidence is not low for two consecutive frames,,{},{},0.04619565217391304,0.09239130434782608,0.14819748531604243
96,sample_000643.npz,10.0,500.0,original_gnn,original_gnn,0.53060382604599,-0.9678253961208843,1.2390607493754124,KEEP,active confidence is not low for two consecutive frames,,{},{},0.07744565217391304,0.14130434782608695,0.22789490373810364
97,sample_000646.npz,10.0,500.0,original_gnn,original_gnn,0.619101881980896,0.05497046360630748,0.38690387187487985,KEEP,active confidence is not low for two consecutive frames,,{},{},0.029891304347826088,0.059782608695652176,0.09243993103901058
98,sample_000648.npz,10.0,500.0,original_gnn,original_gnn,0.6595435738563538,0.5223659851644946,0.2550626415906804,KEEP,active confidence is not low for two consecutive frames,,{},{},0.017663043478260868,0.035326086956521736,0.05112912166692652
99,sample_000659.npz,10.0,500.0,original_gnn,original_gnn,0.5240231156349182,-1.0438804381373843,1.1528805502934163,KEEP,active confidence is not low for two consecutive frames,,{},{},0.06929347826086957,0.13043478260869565,0.22009527290479075
100,sample_000671.npz,10.0,500.0,original_gnn,original_gnn,0.6510940194129944,0.4247122094977823,0.26509326326517535,KEEP,active confidence is not low for two consecutive frames,,{},{},0.021739130434782608,0.04076086956521739,0.06430351946363191
101,sample_000679.npz,10.0,500.0,original_gnn,original_gnn,0.5511627793312073,-0.7302200376945741,1.0358956697492696,KEEP,active confidence is not low for two consecutive frames,,{},{},0.07880434782608696,0.14673913043478262,0.2403568417199922
102,sample_000681.npz,10.0,500.0,original_gnn,original_gnn,0.6525893211364746,0.44199381411227734,0.21408357460081612,KEEP,active confidence is not low for two consecutive frames,,{},{},0.028532608695652172,0.057065217391304345,0.10295018623856785
103,sample_000688.npz,10.0,500.0,original_gnn,original_gnn,0.5517828464508057,-0.7230537550460074,0.7505898318149427,KEEP,active confidence is not low for two consecutive frames,,{},{},0.07472826086956522,0.14130434782608695,0.2307143682971631
104,sample_000695.npz,10.0,500.0,original_gnn,original_gnn,0.6505153775215149,0.4180246893639474,0.26163414828158976,KEEP,active confidence is not low for two consecutive frames,,{},{},0.014945652173913044,0.029891304347826088,0.04387165044068476
105,sample_000707.npz,15.0,500.0,original_gnn,original_gnn,0.5684047341346741,-0.5309501237931831,1.0979435554614383,KEEP,active confidence is not low for two consecutive frames,,{},{},0.06793478260869565,0.12771739130434784,0.2084465546541129
106,sample_000708.npz,15.0,500.0,original_gnn,original_gnn,0.597469687461853,-0.19503863271965577,0.2079431723968374,KEEP,active confidence is not low for two consecutive frames,,{},{},0.04076086956521739,0.08152173913043478,0.13138128668223922
107,sample_000710.npz,15.0,500.0,original_gnn,original_gnn,0.698565661907196,0.9733547631063295,1.1091762779347119,KEEP,active confidence is not low for two consecutive frames,,{},{},0.006793478260869565,0.01358695652173913,0.022419928893998176
108,sample_000716.npz,15.0,500.0,original_gnn,original_gnn,0.5952345132827759,-0.2208711425073371,0.362021680148372,KEEP,active confidence is not low for two consecutive frames,,{},{},0.035326086956521736,0.07065217391304347,0.12001995522880737
109,sample_000721.npz,15.0,500.0,original_gnn,original_gnn,0.5559439659118652,-0.6749625770914045,0.18661636104023327,KEEP,active confidence is not low for two consecutive frames,,{},{},0.07201086956521739,0.14130434782608695,0.20825704780254006
110,sample_000733.npz,15.0,500.0,original_gnn,original_gnn,0.6825762987136841,0.7885613876899551,0.8205651870185903,KEEP,active confidence is not low for two consecutive frames,,{},{},0.002717391304347826,0.005434782608695652,0.011939760429154683
111,sample_000742.npz,15.0,500.0,original_gnn,original_gnn,0.6232545375823975,0.1029638224571811,0.1855258839854707,KEEP,active confidence is not low for two consecutive frames,,{},{},0.01358695652173913,0.02717391304347826,0.04886575613682724
112,sample_000754.npz,15.0,500.0,original_gnn,original_gnn,0.6665395498275757,0.603220363066082,0.6978859635279052,KEEP,active confidence is not low for two consecutive frames,,{},{},0.02309782608695652,0.043478260869565216,0.06963093534752385
113,sample_000756.npz,15.0,500.0,original_gnn,original_gnn,0.5549507141113281,-0.6864418555741224,0.6138047401538999,KEEP,active confidence is not low for two consecutive frames,,{},{},0.05298913043478261,0.10054347826086957,0.16099616383186582
114,sample_000759.npz,15.0,500.0,original_gnn,original_gnn,0.6495380997657776,0.4067300272178454,0.24479429431865976,KEEP,active confidence is not low for two consecutive frames,,{},{},0.014945652173913044,0.029891304347826088,0.04703692948777054
115,sample_000767.npz,15.0,500.0,original_gnn,original_gnn,0.6567449569702148,0.4900216163095345,0.19780115398655948,KEEP,active confidence is not low for two consecutive frames,,{},{},0.008152173913043478,0.016304347826086956,0.028564108360191756
116,sample_000773.npz,15.0,500.0,original_gnn,original_gnn,0.6821315884590149,0.7834217515425981,0.3863990304815818,KEEP,active confidence is not low for two consecutive frames,,{},{},0.010869565217391304,0.021739130434782608,0.03283702866187975
117,sample_000786.npz,15.0,500.0,original_gnn,original_gnn,0.2565299868583679,-4.135370547472279,4.181314973661258,KEEP,active confidence is not low for two consecutive frames,,{},{},0.27445652173913043,0.4701086956521739,0.7154194063840633
118,sample_000787.npz,15.0,500.0,original_gnn,original_gnn,0.6993588209152222,0.9825215153128543,0.3971969874229908,KEEP,active confidence is not low for two consecutive frames,,{},{},0.001358695652173913,0.002717391304347826,0.0038866667049986875
119,sample_000794.npz,15.0,500.0,original_gnn,original_gnn,0.5156088471412659,-1.141126404582915,0.6258380206511291,KEEP,active confidence is not low for two consecutive frames,,{},{},0.08152173913043478,0.15217391304347827,0.24418970383292551
120,sample_000800.npz,20.0,500.0,original_gnn,original_gnn,0.6959575414657593,0.9432120129522076,0.5793463812400711,KEEP,active confidence is not low for two consecutive frames,,{},{},0.001358695652173913,0.002717391304347826,0.00452530413873023
121,sample_000803.npz,20.0,500.0,original_gnn,original_gnn,0.661027729511261,0.539518771663515,0.8979692178504822,KEEP,active confidence is not low for two consecutive frames,,{},{},0.017663043478260868,0.03260869565217391,0.04027014635239102
122,sample_000811.npz,20.0,500.0,original_gnn,original_gnn,0.5908982753753662,-0.27098621149543894,0.19477128964531346,KEEP,active confidence is not low for two consecutive frames,,{},{},0.05570652173913043,0.10597826086956522,0.15522473359090294
123,sample_000813.npz,20.0,500.0,original_gnn,original_gnn,0.6957141160964966,0.9403986804195972,1.3180833513048809,KEEP,active confidence is not low for two consecutive frames,,{},{},0.005434782608695652,0.010869565217391304,0.013483697633149648
124,sample_000814.npz,20.0,500.0,original_gnn,original_gnn,0.5651270747184753,-0.568830916145839,0.4464191558744085,KEEP,active confidence is not low for two consecutive frames,,{},{},0.08288043478260869,0.15760869565217392,0.2634902919834277
125,sample_000830.npz,20.0,500.0,original_gnn,original_gnn,0.6635358929634094,0.5685062919799319,0.6854017103743009,KEEP,active confidence is not low for two consecutive frames,,{},{},0.01358695652173913,0.02717391304347826,0.03551169172160761
126,sample_000835.npz,20.0,500.0,original_gnn,original_gnn,0.701728880405426,1.0099129309578563,1.4326696489782726,KEEP,active confidence is not low for two consecutive frames,,{},{},0.0,0.0,0.0007509143917297087
127,sample_000837.npz,20.0,500.0,original_gnn,original_gnn,0.6638454794883728,0.5720842668022577,0.4206175980464544,KEEP,active confidence is not low for two consecutive frames,,{},{},0.010869565217391304,0.021739130434782608,0.038628947590099036
128,sample_000848.npz,20.0,500.0,original_gnn,original_gnn,0.6145944595336914,0.0028769688019330782,0.18617954879955112,KEEP,active confidence is not low for two consecutive frames,,{},{},0.024456521739130436,0.04619565217391304,0.08497904177096284
129,sample_000849.npz,20.0,500.0,original_gnn,original_gnn,0.6769500970840454,0.7235378606531866,0.6367444670952924,KEEP,active confidence is not low for two consecutive frames,,{},{},0.005434782608695652,0.010869565217391304,0.018377992581240548
130,sample_000860.npz,20.0,500.0,original_gnn,original_gnn,0.6836017966270447,0.8004133431805434,0.8846375076058732,KEEP,active confidence is not low for two consecutive frames,,{},{},0.002717391304347826,0.005434782608695652,0.01237688029071039
131,sample_000878.npz,20.0,500.0,original_gnn,original_gnn,0.6279053688049316,0.15671473108953313,0.4443093129888615,KEEP,active confidence is not low for two consecutive frames,,{},{},0.043478260869565216,0.08423913043478261,0.1355794841143587
132,sample_000881.npz,20.0,500.0,original_gnn,original_gnn,0.6967356204986572,0.9522044818260313,0.42592629115811387,KEEP,active confidence is not low for two consecutive frames,,{},{},0.002717391304347826,0.005434782608695652,0.007627377645641775
133,sample_000890.npz,20.0,500.0,original_gnn,original_gnn,0.479261577129364,-1.5612015902785634,0.3846976355450289,KEEP,active confidence is not low for two consecutive frames,,{},{},0.11141304347826086,0.21467391304347827,0.318002219553226
134,sample_000893.npz,20.0,500.0,original_gnn,original_gnn,0.6751659512519836,0.7029180069071955,0.7768712851444506,KEEP,active confidence is not low for two consecutive frames,,{},{},0.002717391304347826,0.005434782608695652,0.0067732797776055165
