sample_index,file,snr_db,velocity_kmh,original_ber,original_ser,original_nmse,adapted_ber,adapted_ser,adapted_nmse
0,sample_000601.npz,10,500,0.010869565217391304,0.021739130434782608,0.028170979285943344,0.009510869565217392,0.019021739130434784,0.028030361551231845
1,sample_000607.npz,10,500,0.0,0.0,0.005835137125524199,0.0,0.0,0.005807641241458498
2,sample_000608.npz,10,500,0.06929347826086957,0.1331521739130435,0.1972979833601233,0.06929347826086957,0.1331521739130435,0.19744401993494615
3,sample_000623.npz,10,500,0.07744565217391304,0.14945652173913043,0.23912568624128974,0.07744565217391304,0.14945652173913043,0.23911326774209626
4,sample_000627.npz,10,500,0.021739130434782608,0.043478260869565216,0.06640521890434753,0.021739130434782608,0.043478260869565216,0.06688121645398484
5,sample_000630.npz,10,500,0.012228260869565218,0.024456521739130436,0.037306462147460785,0.012228260869565218,0.024456521739130436,0.037241373869968404
6,sample_000631.npz,10,500,0.02309782608695652,0.04619565217391304,0.06430690718169065,0.02309782608695652,0.04619565217391304,0.0642519309625983
7,sample_000632.npz,10,500,0.050271739130434784,0.09782608695652174,0.1482785907644679,0.050271739130434784,0.09782608695652174,0.14822886493756376
8,sample_000643.npz,10,500,0.05298913043478261,0.10597826086956522,0.15672087932428105,0.05298913043478261,0.10597826086956522,0.15660751646352988
9,sample_000647.npz,10,500,0.08288043478260869,0.16304347826086957,0.2810330831306361,0.08288043478260869,0.16304347826086957,0.28162120998392604
10,sample_000658.npz,10,500,0.12364130434782608,0.23641304347826086,0.3714906751790814,0.12092391304347826,0.23097826086956522,0.37217363043856666
11,sample_000660.npz,10,500,0.08288043478260869,0.15489130434782608,0.2595897143479815,0.08288043478260869,0.15489130434782608,0.259662483850768
12,sample_000678.npz,10,500,0.024456521739130436,0.04619565217391304,0.07790763609576318,0.024456521739130436,0.04619565217391304,0.07798381083810316
13,sample_000685.npz,10,500,0.02309782608695652,0.04619565217391304,0.07504866538244043,0.02309782608695652,0.04619565217391304,0.07495215249701397
14,sample_000693.npz,10,500,0.043478260869565216,0.08423913043478261,0.126259005692441,0.043478260869565216,0.08423913043478261,0.12618900391860663
