sample_id,file,snr_db,velocity_kmh,kmax,num_paths,max_delay,pilot_snr_db,pilot_power,noise_power,M,N
0,sample_000000.npz,10,30,0.11860056718156518,4,4,25,31.622776601683796,0.1,32,16
1,sample_000001.npz,10,30,0.11860056718156518,4,4,25,31.622776601683796,0.1,32,16
2,sample_000002.npz,10,30,0.11860056718156518,4,4,25,31.622776601683796,0.1,32,16
3,sample_000003.npz,10,30,0.11860056718156518,4,4,25,31.622776601683796,0.1,32,16
4,sample_000004.npz,10,30,0.11860056718156518,4,4,25,31.622776601683796,0.1,32,16
5,sample_000005.npz,10,30,0.11860056718156518,4,4,25,31.622776601683796,0.1,32,16
6,sample_000006.npz,10,30,0.11860056718156518,4,4,25,31.622776601683796,0.1,32,16
7,sample_000007.npz,10,30,0.11860056718156518,4,4,25,31.622776601683796,0.1,32,16
8,sample_000008.npz,10,30,0.11860056718156518,4,4,25,31.622776601683796,0.1,32,16
9,sample_000009.npz,10,30,0.11860056718156518,4,4,25,31.622776601683796,0.1,32,16
10,sample_000010.npz,10,30,0.11860056718156518,4,4,25,31.622776601683796,0.1,32,16
11,sample_000011.npz,10,30,0.11860056718156518,4,4,25,31.622776601683796,0.1,32,16
12,sample_000012.npz,10,30,0.11860056718156518,4,4,25,31.622776601683796,0.1,32,16
13,sample_000013.npz,10,30,0.11860056718156518,4,4,25,31.622776601683796,0.1,32,16
14,sample_000014.npz,10,30,0.11860056718156518,4,4,25,31.622776601683796,0.1,32,16
15,sample_000015.npz,10,30,0.11860056718156518,4,4,25,31.622776601683796,0.1,32,16
16,sample_000016.npz,10,30,0.11860056718156518,4,4,25,31.622776601683796,0.1,32,16
17,sample_000017.npz,10,30,0.11860056718156518,4,4,25,31.622776601683796,0.1,32,16
18,sample_000018.npz,10,30,0.11860056718156518,4,4,25,31.622776601683796,0.1,32,16
19,sample_000019.npz,10,30,0.11860056718156518,4,4,25,31.622776601683796,0.1,32,16
20,sample_000020.npz,10,30,0.11860056718156518,4,4,25,31.622776601683796,0.1,32,16
21,sample_000021.npz,10,30,0.11860056718156518,4,4,25,31.622776601683796,0.1,32,16
22,sample_000022.npz,10,30,0.11860056718156518,4,4,25,31.622776601683796,0.1,32,16
23,sample_000023.npz,10,30,0.11860056718156518,4,4,25,31.622776601683796,0.1,32,16
24,sample_000024.npz,10,30,0.11860056718156518,4,4,25,31.622776601683796,0.1,32,16
25,sample_000025.npz,10,30,0.11860056718156518,4,4,25,31.622776601683796,0.1,32,16
26,sample_000026.npz,10,30,0.11860056718156518,4,4,25,31.622776601683796,0.1,32,16
27,sample_000027.npz,10,30,0.11860056718156518,4,4,25,31.622776601683796,0.1,32,16
28,sample_000028.npz,10,30,0.11860056718156518,4,4,25,31.622776601683796,0.1,32,16
29,sample_000029.npz,10,30,0.11860056718156518,4,4,25,31.622776601683796,0.1,32,16
30,sample_000030.npz,10,30,0.11860056718156518,4,4,25,31.622776601683796,0.1,32,16
31,sample_000031.npz,10,30,0.11860056718156518,4,4,25,31.622776601683796,0.1,32,16
32,sample_000032.npz,10,30,0.11860056718156518,4,4,25,31.622776601683796,0.1,32,16
33,sample_000033.npz,10,30,0.11860056718156518,4,4,25,31.622776601683796,0.1,32,16
34,sample_000034.npz,10,30,0.11860056718156518,4,4,25,31.622776601683796,0.1,32,16
35,sample_000035.npz,10,30,0.11860056718156518,4,4,25,31.622776601683796,0.1,32,16
36,sample_000036.npz,10,30,0.11860056718156518,4,4,25,31.622776601683796,0.1,32,16
37,sample_000037.npz,10,30,0.11860056718156518,4,4,25,31.622776601683796,0.1,32,16
38,sample_000038.npz,10,30,0.11860056718156518,4,4,25,31.622776601683796,0.1,32,16
39,sample_000039.npz,10,30,0.11860056718156518,4,4,25,31.622776601683796,0.1,32,16
40,sample_000040.npz,10,30,0.11860056718156518,4,4,25,31.622776601683796,0.1,32,16
41,sample_000041.npz,10,30,0.11860056718156518,4,4,25,31.622776601683796,0.1,32,16
42,sample_000042.npz,10,30,0.11860056718156518,4,4,25,31.622776601683796,0.1,32,16
43,sample_000043.npz,10,30,0.11860056718156518,4,4,25,31.622776601683796,0.1,32,16
44,sample_000044.npz,10,30,0.11860056718156518,4,4,25,31.622776601683796,0.1,32,16
45,sample_000045.npz,10,30,0.11860056718156518,4,4,25,31.622776601683796,0.1,32,16
46,sample_000046.npz,10,30,0.11860056718156518,4,4,25,31.622776601683796,0.1,32,16
47,sample_000047.npz,10,30,0.11860056718156518,4,4,25,31.622776601683796,0.1,32,16
48,sample_000048.npz,10,30,0.11860056718156518,4,4,25,31.622776601683796,0.1,32,16
49,sample_000049.npz,10,30,0.11860056718156518,4,4,25,31.622776601683796,0.1,32,16
50,sample_000050.npz,10,30,0.11860056718156518,4,4,25,31.622776601683796,0.1,32,16
51,sample_000051.npz,10,30,0.11860056718156518,4,4,25,31.622776601683796,0.1,32,16
52,sample_000052.npz,10,30,0.11860056718156518,4,4,25,31.622776601683796,0.1,32,16
53,sample_000053.npz,10,30,0.11860056718156518,4,4,25,31.622776601683796,0.1,32,16
54,sample_000054.npz,10,30,0.11860056718156518,4,4,25,31.622776601683796,0.1,32,16
55,sample_000055.npz,10,30,0.11860056718156518,4,4,25,31.622776601683796,0.1,32,16
56,sample_000056.npz,10,30,0.11860056718156518,4,4,25,31.622776601683796,0.1,32,16
57,sample_000057.npz,10,30,0.11860056718156518,4,4,25,31.622776601683796,0.1,32,16
58,sample_000058.npz,10,30,0.11860056718156518,4,4,25,31.622776601683796,0.1,32,16
59,sample_000059.npz,10,30,0.11860056718156518,4,4,25,31.622776601683796,0.1,32,16
60,sample_000060.npz,10,30,0.11860056718156518,4,4,25,31.622776601683796,0.1,32,16
61,sample_000061.npz,10,30,0.11860056718156518,4,4,25,31.622776601683796,0.1,32,16
62,sample_000062.npz,10,30,0.11860056718156518,4,4,25,31.622776601683796,0.1,32,16
63,sample_000063.npz,10,30,0.11860056718156518,4,4,25,31.622776601683796,0.1,32,16
64,sample_000064.npz,10,30,0.11860056718156518,4,4,25,31.622776601683796,0.1,32,16
65,sample_000065.npz,10,30,0.11860056718156518,4,4,25,31.622776601683796,0.1,32,16
66,sample_000066.npz,10,30,0.11860056718156518,4,4,25,31.622776601683796,0.1,32,16
67,sample_000067.npz,10,30,0.11860056718156518,4,4,25,31.622776601683796,0.1,32,16
68,sample_000068.npz,10,30,0.11860056718156518,4,4,25,31.622776601683796,0.1,32,16
69,sample_000069.npz,10,30,0.11860056718156518,4,4,25,31.622776601683796,0.1,32,16
70,sample_000070.npz,10,30,0.11860056718156518,4,4,25,31.622776601683796,0.1,32,16
71,sample_000071.npz,10,30,0.11860056718156518,4,4,25,31.622776601683796,0.1,32,16
72,sample_000072.npz,10,30,0.11860056718156518,4,4,25,31.622776601683796,0.1,32,16
73,sample_000073.npz,10,30,0.11860056718156518,4,4,25,31.622776601683796,0.1,32,16
74,sample_000074.npz,10,30,0.11860056718156518,4,4,25,31.622776601683796,0.1,32,16
75,sample_000075.npz,10,30,0.11860056718156518,4,4,25,31.622776601683796,0.1,32,16
76,sample_000076.npz,10,30,0.11860056718156518,4,4,25,31.622776601683796,0.1,32,16
77,sample_000077.npz,10,30,0.11860056718156518,4,4,25,31.622776601683796,0.1,32,16
78,sample_000078.npz,10,30,0.11860056718156518,4,4,25,31.622776601683796,0.1,32,16
79,sample_000079.npz,10,30,0.11860056718156518,4,4,25,31.622776601683796,0.1,32,16
80,sample_000080.npz,10,30,0.11860056718156518,4,4,25,31.622776601683796,0.1,32,16
81,sample_000081.npz,10,30,0.11860056718156518,4,4,25,31.622776601683796,0.1,32,16
82,sample_000082.npz,10,30,0.11860056718156518,4,4,25,31.622776601683796,0.1,32,16
83,sample_000083.npz,10,30,0.11860056718156518,4,4,25,31.622776601683796,0.1,32,16
84,sample_000084.npz,10,30,0.11860056718156518,4,4,25,31.622776601683796,0.1,32,16
85,sample_000085.npz,10,30,0.11860056718156518,4,4,25,31.622776601683796,0.1,32,16
86,sample_000086.npz,10,30,0.11860056718156518,4,4,25,31.622776601683796,0.1,32,16
87,sample_000087.npz,10,30,0.11860056718156518,4,4,25,31.622776601683796,0.1,32,16
88,sample_000088.npz,10,30,0.11860056718156518,4,4,25,31.622776601683796,0.1,32,16
89,sample_000089.npz,10,30,0.11860056718156518,4,4,25,31.622776601683796,0.1,32,16
90,sample_000090.npz,10,30,0.11860056718156518,4,4,25,31.622776601683796,0.1,32,16
91,sample_000091.npz,10,30,0.11860056718156518,4,4,25,31.622776601683796,0.1,32,16
92,sample_000092.npz,10,30,0.11860056718156518,4,4,25,31.622776601683796,0.1,32,16
93,sample_000093.npz,10,30,0.11860056718156518,4,4,25,31.622776601683796,0.1,32,16
94,sample_000094.npz,10,30,0.11860056718156518,4,4,25,31.622776601683796,0.1,32,16
95,sample_000095.npz,10,30,0.11860056718156518,4,4,25,31.622776601683796,0.1,32,16
96,sample_000096.npz,10,30,0.11860056718156518,4,4,25,31.622776601683796,0.1,32,16
97,sample_000097.npz,10,30,0.11860056718156518,4,4,25,31.622776601683796,0.1,32,16
98,sample_000098.npz,10,30,0.11860056718156518,4,4,25,31.622776601683796,0.1,32,16
99,sample_000099.npz,10,30,0.11860056718156518,4,4,25,31.622776601683796,0.1,32,16
100,sample_000100.npz,15,30,0.11860056718156518,4,4,25,10.0,0.03162277660168379,32,16
101,sample_000101.npz,15,30,0.11860056718156518,4,4,25,10.0,0.03162277660168379,32,16
102,sample_000102.npz,15,30,0.11860056718156518,4,4,25,10.0,0.03162277660168379,32,16
103,sample_000103.npz,15,30,0.11860056718156518,4,4,25,10.0,0.03162277660168379,32,16
104,sample_000104.npz,15,30,0.11860056718156518,4,4,25,10.0,0.03162277660168379,32,16
105,sample_000105.npz,15,30,0.11860056718156518,4,4,25,10.0,0.03162277660168379,32,16
106,sample_000106.npz,15,30,0.11860056718156518,4,4,25,10.0,0.03162277660168379,32,16
107,sample_000107.npz,15,30,0.11860056718156518,4,4,25,10.0,0.03162277660168379,32,16
108,sample_000108.npz,15,30,0.11860056718156518,4,4,25,10.0,0.03162277660168379,32,16
109,sample_000109.npz,15,30,0.11860056718156518,4,4,25,10.0,0.03162277660168379,32,16
110,sample_000110.npz,15,30,0.11860056718156518,4,4,25,10.0,0.03162277660168379,32,16
111,sample_000111.npz,15,30,0.11860056718156518,4,4,25,10.0,0.03162277660168379,32,16
112,sample_000112.npz,15,30,0.11860056718156518,4,4,25,10.0,0.03162277660168379,32,16
113,sample_000113.npz,15,30,0.11860056718156518,4,4,25,10.0,0.03162277660168379,32,16
114,sample_000114.npz,15,30,0.11860056718156518,4,4,25,10.0,0.03162277660168379,32,16
115,sample_000115.npz,15,30,0.11860056718156518,4,4,25,10.0,0.03162277660168379,32,16
116,sample_000116.npz,15,30,0.11860056718156518,4,4,25,10.0,0.03162277660168379,32,16
117,sample_000117.npz,15,30,0.11860056718156518,4,4,25,10.0,0.03162277660168379,32,16
118,sample_000118.npz,15,30,0.11860056718156518,4,4,25,10.0,0.03162277660168379,32,16
119,sample_000119.npz,15,30,0.11860056718156518,4,4,25,10.0,0.03162277660168379,32,16
120,sample_000120.npz,15,30,0.11860056718156518,4,4,25,10.0,0.03162277660168379,32,16
121,sample_000121.npz,15,30,0.11860056718156518,4,4,25,10.0,0.03162277660168379,32,16
122,sample_000122.npz,15,30,0.11860056718156518,4,4,25,10.0,0.03162277660168379,32,16
123,sample_000123.npz,15,30,0.11860056718156518,4,4,25,10.0,0.03162277660168379,32,16
124,sample_000124.npz,15,30,0.11860056718156518,4,4,25,10.0,0.03162277660168379,32,16
125,sample_000125.npz,15,30,0.11860056718156518,4,4,25,10.0,0.03162277660168379,32,16
126,sample_000126.npz,15,30,0.11860056718156518,4,4,25,10.0,0.03162277660168379,32,16
127,sample_000127.npz,15,30,0.11860056718156518,4,4,25,10.0,0.03162277660168379,32,16
128,sample_000128.npz,15,30,0.11860056718156518,4,4,25,10.0,0.03162277660168379,32,16
129,sample_000129.npz,15,30,0.11860056718156518,4,4,25,10.0,0.03162277660168379,32,16
130,sample_000130.npz,15,30,0.11860056718156518,4,4,25,10.0,0.03162277660168379,32,16
131,sample_000131.npz,15,30,0.11860056718156518,4,4,25,10.0,0.03162277660168379,32,16
132,sample_000132.npz,15,30,0.11860056718156518,4,4,25,10.0,0.03162277660168379,32,16
133,sample_000133.npz,15,30,0.11860056718156518,4,4,25,10.0,0.03162277660168379,32,16
134,sample_000134.npz,15,30,0.11860056718156518,4,4,25,10.0,0.03162277660168379,32,16
135,sample_000135.npz,15,30,0.11860056718156518,4,4,25,10.0,0.03162277660168379,32,16
136,sample_000136.npz,15,30,0.11860056718156518,4,4,25,10.0,0.03162277660168379,32,16
137,sample_000137.npz,15,30,0.11860056718156518,4,4,25,10.0,0.03162277660168379,32,16
138,sample_000138.npz,15,30,0.11860056718156518,4,4,25,10.0,0.03162277660168379,32,16
139,sample_000139.npz,15,30,0.11860056718156518,4,4,25,10.0,0.03162277660168379,32,16
140,sample_000140.npz,15,30,0.11860056718156518,4,4,25,10.0,0.03162277660168379,32,16
141,sample_000141.npz,15,30,0.11860056718156518,4,4,25,10.0,0.03162277660168379,32,16
142,sample_000142.npz,15,30,0.11860056718156518,4,4,25,10.0,0.03162277660168379,32,16
143,sample_000143.npz,15,30,0.11860056718156518,4,4,25,10.0,0.03162277660168379,32,16
144,sample_000144.npz,15,30,0.11860056718156518,4,4,25,10.0,0.03162277660168379,32,16
145,sample_000145.npz,15,30,0.11860056718156518,4,4,25,10.0,0.03162277660168379,32,16
146,sample_000146.npz,15,30,0.11860056718156518,4,4,25,10.0,0.03162277660168379,32,16
147,sample_000147.npz,15,30,0.11860056718156518,4,4,25,10.0,0.03162277660168379,32,16
148,sample_000148.npz,15,30,0.11860056718156518,4,4,25,10.0,0.03162277660168379,32,16
149,sample_000149.npz,15,30,0.11860056718156518,4,4,25,10.0,0.03162277660168379,32,16
150,sample_000150.npz,15,30,0.11860056718156518,4,4,25,10.0,0.03162277660168379,32,16
151,sample_000151.npz,15,30,0.11860056718156518,4,4,25,10.0,0.03162277660168379,32,16
152,sample_000152.npz,15,30,0.11860056718156518,4,4,25,10.0,0.03162277660168379,32,16
153,sample_000153.npz,15,30,0.11860056718156518,4,4,25,10.0,0.03162277660168379,32,16
154,sample_000154.npz,15,30,0.11860056718156518,4,4,25,10.0,0.03162277660168379,32,16
155,sample_000155.npz,15,30,0.11860056718156518,4,4,25,10.0,0.03162277660168379,32,16
156,sample_000156.npz,15,30,0.11860056718156518,4,4,25,10.0,0.03162277660168379,32,16
157,sample_000157.npz,15,30,0.11860056718156518,4,4,25,10.0,0.03162277660168379,32,16
158,sample_000158.npz,15,30,0.11860056718156518,4,4,25,10.0,0.03162277660168379,32,16
159,sample_000159.npz,15,30,0.11860056718156518,4,4,25,10.0,0.03162277660168379,32,16
160,sample_000160.npz,15,30,0.11860056718156518,4,4,25,10.0,0.03162277660168379,32,16
161,sample_000161.npz,15,30,0.11860056718156518,4,4,25,10.0,0.03162277660168379,32,16
162,sample_000162.npz,15,30,0.11860056718156518,4,4,25,10.0,0.03162277660168379,32,16
163,sample_000163.npz,15,30,0.11860056718156518,4,4,25,10.0,0.03162277660168379,32,16
164,sample_000164.npz,15,30,0.11860056718156518,4,4,25,10.0,0.03162277660168379,32,16
165,sample_000165.npz,15,30,0.11860056718156518,4,4,25,10.0,0.03162277660168379,32,16
166,sample_000166.npz,15,30,0.11860056718156518,4,4,25,10.0,0.03162277660168379,32,16
167,sample_000167.npz,15,30,0.11860056718156518,4,4,25,10.0,0.03162277660168379,32,16
168,sample_000168.npz,15,30,0.11860056718156518,4,4,25,10.0,0.03162277660168379,32,16
169,sample_000169.npz,15,30,0.11860056718156518,4,4,25,10.0,0.03162277660168379,32,16
170,sample_000170.npz,15,30,0.11860056718156518,4,4,25,10.0,0.03162277660168379,32,16
171,sample_000171.npz,15,30,0.11860056718156518,4,4,25,10.0,0.03162277660168379,32,16
172,sample_000172.npz,15,30,0.11860056718156518,4,4,25,10.0,0.03162277660168379,32,16
173,sample_000173.npz,15,30,0.11860056718156518,4,4,25,10.0,0.03162277660168379,32,16
174,sample_000174.npz,15,30,0.11860056718156518,4,4,25,10.0,0.03162277660168379,32,16
175,sample_000175.npz,15,30,0.11860056718156518,4,4,25,10.0,0.03162277660168379,32,16
176,sample_000176.npz,15,30,0.11860056718156518,4,4,25,10.0,0.03162277660168379,32,16
177,sample_000177.npz,15,30,0.11860056718156518,4,4,25,10.0,0.03162277660168379,32,16
178,sample_000178.npz,15,30,0.11860056718156518,4,4,25,10.0,0.03162277660168379,32,16
179,sample_000179.npz,15,30,0.11860056718156518,4,4,25,10.0,0.03162277660168379,32,16
180,sample_000180.npz,15,30,0.11860056718156518,4,4,25,10.0,0.03162277660168379,32,16
181,sample_000181.npz,15,30,0.11860056718156518,4,4,25,10.0,0.03162277660168379,32,16
182,sample_000182.npz,15,30,0.11860056718156518,4,4,25,10.0,0.03162277660168379,32,16
183,sample_000183.npz,15,30,0.11860056718156518,4,4,25,10.0,0.03162277660168379,32,16
184,sample_000184.npz,15,30,0.11860056718156518,4,4,25,10.0,0.03162277660168379,32,16
185,sample_000185.npz,15,30,0.11860056718156518,4,4,25,10.0,0.03162277660168379,32,16
186,sample_000186.npz,15,30,0.11860056718156518,4,4,25,10.0,0.03162277660168379,32,16
187,sample_000187.npz,15,30,0.11860056718156518,4,4,25,10.0,0.03162277660168379,32,16
188,sample_000188.npz,15,30,0.11860056718156518,4,4,25,10.0,0.03162277660168379,32,16
189,sample_000189.npz,15,30,0.11860056718156518,4,4,25,10.0,0.03162277660168379,32,16
190,sample_000190.npz,15,30,0.11860056718156518,4,4,25,10.0,0.03162277660168379,32,16
191,sample_000191.npz,15,30,0.11860056718156518,4,4,25,10.0,0.03162277660168379,32,16
192,sample_000192.npz,15,30,0.11860056718156518,4,4,25,10.0,0.03162277660168379,32,16
193,sample_000193.npz,15,30,0.11860056718156518,4,4,25,10.0,0.03162277660168379,32,16
194,sample_000194.npz,15,30,0.11860056718156518,4,4,25,10.0,0.03162277660168379,32,16
195,sample_000195.npz,15,30,0.11860056718156518,4,4,25,10.0,0.03162277660168379,32,16
196,sample_000196.npz,15,30,0.11860056718156518,4,4,25,10.0,0.03162277660168379,32,16
197,sample_000197.npz,15,30,0.11860056718156518,4,4,25,10.0,0.03162277660168379,32,16
198,sample_000198.npz,15,30,0.11860056718156518,4,4,25,10.0,0.03162277660168379,32,16
199,sample_000199.npz,15,30,0.11860056718156518,4,4,25,10.0,0.03162277660168379,32,16
200,sample_000200.npz,20,30,0.11860056718156518,4,4,25,3.1622776601683795,0.01,32,16
201,sample_000201.npz,20,30,0.11860056718156518,4,4,25,3.1622776601683795,0.01,32,16
202,sample_000202.npz,20,30,0.11860056718156518,4,4,25,3.1622776601683795,0.01,32,16
203,sample_000203.npz,20,30,0.11860056718156518,4,4,25,3.1622776601683795,0.01,32,16
204,sample_000204.npz,20,30,0.11860056718156518,4,4,25,3.1622776601683795,0.01,32,16
205,sample_000205.npz,20,30,0.11860056718156518,4,4,25,3.1622776601683795,0.01,32,16
206,sample_000206.npz,20,30,0.11860056718156518,4,4,25,3.1622776601683795,0.01,32,16
207,sample_000207.npz,20,30,0.11860056718156518,4,4,25,3.1622776601683795,0.01,32,16
208,sample_000208.npz,20,30,0.11860056718156518,4,4,25,3.1622776601683795,0.01,32,16
209,sample_000209.npz,20,30,0.11860056718156518,4,4,25,3.1622776601683795,0.01,32,16
210,sample_000210.npz,20,30,0.11860056718156518,4,4,25,3.1622776601683795,0.01,32,16
211,sample_000211.npz,20,30,0.11860056718156518,4,4,25,3.1622776601683795,0.01,32,16
212,sample_000212.npz,20,30,0.11860056718156518,4,4,25,3.1622776601683795,0.01,32,16
213,sample_000213.npz,20,30,0.11860056718156518,4,4,25,3.1622776601683795,0.01,32,16
214,sample_000214.npz,20,30,0.11860056718156518,4,4,25,3.1622776601683795,0.01,32,16
215,sample_000215.npz,20,30,0.11860056718156518,4,4,25,3.1622776601683795,0.01,32,16
216,sample_000216.npz,20,30,0.11860056718156518,4,4,25,3.1622776601683795,0.01,32,16
217,sample_000217.npz,20,30,0.11860056718156518,4,4,25,3.1622776601683795,0.01,32,16
218,sample_000218.npz,20,30,0.11860056718156518,4,4,25,3.1622776601683795,0.01,32,16
219,sample_000219.npz,20,30,0.11860056718156518,4,4,25,3.1622776601683795,0.01,32,16
220,sample_000220.npz,20,30,0.11860056718156518,4,4,25,3.1622776601683795,0.01,32,16
221,sample_000221.npz,20,30,0.11860056718156518,4,4,25,3.1622776601683795,0.01,32,16
222,sample_000222.npz,20,30,0.11860056718156518,4,4,25,3.1622776601683795,0.01,32,16
223,sample_000223.npz,20,30,0.11860056718156518,4,4,25,3.1622776601683795,0.01,32,16
224,sample_000224.npz,20,30,0.11860056718156518,4,4,25,3.1622776601683795,0.01,32,16
225,sample_000225.npz,20,30,0.11860056718156518,4,4,25,3.1622776601683795,0.01,32,16
226,sample_000226.npz,20,30,0.11860056718156518,4,4,25,3.1622776601683795,0.01,32,16
227,sample_000227.npz,20,30,0.11860056718156518,4,4,25,3.1622776601683795,0.01,32,16
228,sample_000228.npz,20,30,0.11860056718156518,4,4,25,3.1622776601683795,0.01,32,16
229,sample_000229.npz,20,30,0.11860056718156518,4,4,25,3.1622776601683795,0.01,32,16
230,sample_000230.npz,20,30,0.11860056718156518,4,4,25,3.1622776601683795,0.01,32,16
231,sample_000231.npz,20,30,0.11860056718156518,4,4,25,3.1622776601683795,0.01,32,16
232,sample_000232.npz,20,30,0.11860056718156518,4,4,25,3.1622776601683795,0.01,32,16
233,sample_000233.npz,20,30,0.11860056718156518,4,4,25,3.1622776601683795,0.01,32,16
234,sample_000234.npz,20,30,0.11860056718156518,4,4,25,3.1622776601683795,0.01,32,16
235,sample_000235.npz,20,30,0.11860056718156518,4,4,25,3.1622776601683795,0.01,32,16
236,sample_000236.npz,20,30,0.11860056718156518,4,4,25,3.1622776601683795,0.01,32,16
237,sample_000237.npz,20,30,0.11860056718156518,4,4,25,3.1622776601683795,0.01,32,16
238,sample_000238.npz,20,30,0.11860056718156518,4,4,25,3.1622776601683795,0.01,32,16
239,sample_000239.npz,20,30,0.11860056718156518,4,4,25,3.1622776601683795,0.01,32,16
240,sample_000240.npz,20,30,0.11860056718156518,4,4,25,3.1622776601683795,0.01,32,16
241,sample_000241.npz,20,30,0.11860056718156518,4,4,25,3.1622776601683795,0.01,32,16
242,sample_000242.npz,20,30,0.11860056718156518,4,4,25,3.1622776601683795,0.01,32,16
243,sample_000243.npz,20,30,0.11860056718156518,4,4,25,3.1622776601683795,0.01,32,16
244,sample_000244.npz,20,30,0.11860056718156518,4,4,25,3.1622776601683795,0.01,32,16
245,sample_000245.npz,20,30,0.11860056718156518,4,4,25,3.1622776601683795,0.01,32,16
246,sample_000246.npz,20,30,0.11860056718156518,4,4,25,3.1622776601683795,0.01,32,16
247,sample_000247.npz,20,30,0.11860056718156518,4,4,25,3.1622776601683795,0.01,32,16
248,sample_000248.npz,20,30,0.11860056718156518,4,4,25,3.1622776601683795,0.01,32,16
249,sample_000249.npz,20,30,0.11860056718156518,4,4,25,3.1622776601683795,0.01,32,16
250,sample_000250.npz,20,30,0.11860056718156518,4,4,25,3.1622776601683795,0.01,32,16
251,sample_000251.npz,20,30,0.11860056718156518,4,4,25,3.1622776601683795,0.01,32,16
252,sample_000252.npz,20,30,0.11860056718156518,4,4,25,3.1622776601683795,0.01,32,16
253,sample_000253.npz,20,30,0.11860056718156518,4,4,25,3.1622776601683795,0.01,32,16
254,sample_000254.npz,20,30,0.11860056718156518,4,4,25,3.1622776601683795,0.01,32,16
255,sample_000255.npz,20,30,0.11860056718156518,4,4,25,3.1622776601683795,0.01,32,16
256,sample_000256.npz,20,30,0.11860056718156518,4,4,25,3.1622776601683795,0.01,32,16
257,sample_000257.npz,20,30,0.11860056718156518,4,4,25,3.1622776601683795,0.01,32,16
258,sample_000258.npz,20,30,0.11860056718156518,4,4,25,3.1622776601683795,0.01,32,16
259,sample_000259.npz,20,30,0.11860056718156518,4,4,25,3.1622776601683795,0.01,32,16
260,sample_000260.npz,20,30,0.11860056718156518,4,4,25,3.1622776601683795,0.01,32,16
261,sample_000261.npz,20,30,0.11860056718156518,4,4,25,3.1622776601683795,0.01,32,16
262,sample_000262.npz,20,30,0.11860056718156518,4,4,25,3.1622776601683795,0.01,32,16
263,sample_000263.npz,20,30,0.11860056718156518,4,4,25,3.1622776601683795,0.01,32,16
264,sample_000264.npz,20,30,0.11860056718156518,4,4,25,3.1622776601683795,0.01,32,16
265,sample_000265.npz,20,30,0.11860056718156518,4,4,25,3.1622776601683795,0.01,32,16
266,sample_000266.npz,20,30,0.11860056718156518,4,4,25,3.1622776601683795,0.01,32,16
267,sample_000267.npz,20,30,0.11860056718156518,4,4,25,3.1622776601683795,0.01,32,16
268,sample_000268.npz,20,30,0.11860056718156518,4,4,25,3.1622776601683795,0.01,32,16
269,sample_000269.npz,20,30,0.11860056718156518,4,4,25,3.1622776601683795,0.01,32,16
270,sample_000270.npz,20,30,0.11860056718156518,4,4,25,3.1622776601683795,0.01,32,16
271,sample_000271.npz,20,30,0.11860056718156518,4,4,25,3.1622776601683795,0.01,32,16
272,sample_000272.npz,20,30,0.11860056718156518,4,4,25,3.1622776601683795,0.01,32,16
273,sample_000273.npz,20,30,0.11860056718156518,4,4,25,3.1622776601683795,0.01,32,16
274,sample_000274.npz,20,30,0.11860056718156518,4,4,25,3.1622776601683795,0.01,32,16
275,sample_000275.npz,20,30,0.11860056718156518,4,4,25,3.1622776601683795,0.01,32,16
276,sample_000276.npz,20,30,0.11860056718156518,4,4,25,3.1622776601683795,0.01,32,16
277,sample_000277.npz,20,30,0.11860056718156518,4,4,25,3.1622776601683795,0.01,32,16
278,sample_000278.npz,20,30,0.11860056718156518,4,4,25,3.1622776601683795,0.01,32,16
279,sample_000279.npz,20,30,0.11860056718156518,4,4,25,3.1622776601683795,0.01,32,16
280,sample_000280.npz,20,30,0.11860056718156518,4,4,25,3.1622776601683795,0.01,32,16
281,sample_000281.npz,20,30,0.11860056718156518,4,4,25,3.1622776601683795,0.01,32,16
282,sample_000282.npz,20,30,0.11860056718156518,4,4,25,3.1622776601683795,0.01,32,16
283,sample_000283.npz,20,30,0.11860056718156518,4,4,25,3.1622776601683795,0.01,32,16
284,sample_000284.npz,20,30,0.11860056718156518,4,4,25,3.1622776601683795,0.01,32,16
285,sample_000285.npz,20,30,0.11860056718156518,4,4,25,3.1622776601683795,0.01,32,16
286,sample_000286.npz,20,30,0.11860056718156518,4,4,25,3.1622776601683795,0.01,32,16
287,sample_000287.npz,20,30,0.11860056718156518,4,4,25,3.1622776601683795,0.01,32,16
288,sample_000288.npz,20,30,0.11860056718156518,4,4,25,3.1622776601683795,0.01,32,16
289,sample_000289.npz,20,30,0.11860056718156518,4,4,25,3.1622776601683795,0.01,32,16
290,sample_000290.npz,20,30,0.11860056718156518,4,4,25,3.1622776601683795,0.01,32,16
291,sample_000291.npz,20,30,0.11860056718156518,4,4,25,3.1622776601683795,0.01,32,16
292,sample_000292.npz,20,30,0.11860056718156518,4,4,25,3.1622776601683795,0.01,32,16
293,sample_000293.npz,20,30,0.11860056718156518,4,4,25,3.1622776601683795,0.01,32,16
294,sample_000294.npz,20,30,0.11860056718156518,4,4,25,3.1622776601683795,0.01,32,16
295,sample_000295.npz,20,30,0.11860056718156518,4,4,25,3.1622776601683795,0.01,32,16
296,sample_000296.npz,20,30,0.11860056718156518,4,4,25,3.1622776601683795,0.01,32,16
297,sample_000297.npz,20,30,0.11860056718156518,4,4,25,3.1622776601683795,0.01,32,16
298,sample_000298.npz,20,30,0.11860056718156518,4,4,25,3.1622776601683795,0.01,32,16
299,sample_000299.npz,20,30,0.11860056718156518,4,4,25,3.1622776601683795,0.01,32,16
300,sample_000300.npz,10,120,0.47440226872626073,4,4,25,31.622776601683796,0.1,32,16
301,sample_000301.npz,10,120,0.47440226872626073,4,4,25,31.622776601683796,0.1,32,16
302,sample_000302.npz,10,120,0.47440226872626073,4,4,25,31.622776601683796,0.1,32,16
303,sample_000303.npz,10,120,0.47440226872626073,4,4,25,31.622776601683796,0.1,32,16
304,sample_000304.npz,10,120,0.47440226872626073,4,4,25,31.622776601683796,0.1,32,16
305,sample_000305.npz,10,120,0.47440226872626073,4,4,25,31.622776601683796,0.1,32,16
306,sample_000306.npz,10,120,0.47440226872626073,4,4,25,31.622776601683796,0.1,32,16
307,sample_000307.npz,10,120,0.47440226872626073,4,4,25,31.622776601683796,0.1,32,16
308,sample_000308.npz,10,120,0.47440226872626073,4,4,25,31.622776601683796,0.1,32,16
309,sample_000309.npz,10,120,0.47440226872626073,4,4,25,31.622776601683796,0.1,32,16
310,sample_000310.npz,10,120,0.47440226872626073,4,4,25,31.622776601683796,0.1,32,16
311,sample_000311.npz,10,120,0.47440226872626073,4,4,25,31.622776601683796,0.1,32,16
312,sample_000312.npz,10,120,0.47440226872626073,4,4,25,31.622776601683796,0.1,32,16
313,sample_000313.npz,10,120,0.47440226872626073,4,4,25,31.622776601683796,0.1,32,16
314,sample_000314.npz,10,120,0.47440226872626073,4,4,25,31.622776601683796,0.1,32,16
315,sample_000315.npz,10,120,0.47440226872626073,4,4,25,31.622776601683796,0.1,32,16
316,sample_000316.npz,10,120,0.47440226872626073,4,4,25,31.622776601683796,0.1,32,16
317,sample_000317.npz,10,120,0.47440226872626073,4,4,25,31.622776601683796,0.1,32,16
318,sample_000318.npz,10,120,0.47440226872626073,4,4,25,31.622776601683796,0.1,32,16
319,sample_000319.npz,10,120,0.47440226872626073,4,4,25,31.622776601683796,0.1,32,16
320,sample_000320.npz,10,120,0.47440226872626073,4,4,25,31.622776601683796,0.1,32,16
321,sample_000321.npz,10,120,0.47440226872626073,4,4,25,31.622776601683796,0.1,32,16
322,sample_000322.npz,10,120,0.47440226872626073,4,4,25,31.622776601683796,0.1,32,16
323,sample_000323.npz,10,120,0.47440226872626073,4,4,25,31.622776601683796,0.1,32,16
324,sample_000324.npz,10,120,0.47440226872626073,4,4,25,31.622776601683796,0.1,32,16
325,sample_000325.npz,10,120,0.47440226872626073,4,4,25,31.622776601683796,0.1,32,16
326,sample_000326.npz,10,120,0.47440226872626073,4,4,25,31.622776601683796,0.1,32,16
327,sample_000327.npz,10,120,0.47440226872626073,4,4,25,31.622776601683796,0.1,32,16
328,sample_000328.npz,10,120,0.47440226872626073,4,4,25,31.622776601683796,0.1,32,16
329,sample_000329.npz,10,120,0.47440226872626073,4,4,25,31.622776601683796,0.1,32,16
330,sample_000330.npz,10,120,0.47440226872626073,4,4,25,31.622776601683796,0.1,32,16
331,sample_000331.npz,10,120,0.47440226872626073,4,4,25,31.622776601683796,0.1,32,16
332,sample_000332.npz,10,120,0.47440226872626073,4,4,25,31.622776601683796,0.1,32,16
333,sample_000333.npz,10,120,0.47440226872626073,4,4,25,31.622776601683796,0.1,32,16
334,sample_000334.npz,10,120,0.47440226872626073,4,4,25,31.622776601683796,0.1,32,16
335,sample_000335.npz,10,120,0.47440226872626073,4,4,25,31.622776601683796,0.1,32,16
336,sample_000336.npz,10,120,0.47440226872626073,4,4,25,31.622776601683796,0.1,32,16
337,sample_000337.npz,10,120,0.47440226872626073,4,4,25,31.622776601683796,0.1,32,16
338,sample_000338.npz,10,120,0.47440226872626073,4,4,25,31.622776601683796,0.1,32,16
339,sample_000339.npz,10,120,0.47440226872626073,4,4,25,31.622776601683796,0.1,32,16
340,sample_000340.npz,10,120,0.47440226872626073,4,4,25,31.622776601683796,0.1,32,16
341,sample_000341.npz,10,120,0.47440226872626073,4,4,25,31.622776601683796,0.1,32,16
342,sample_000342.npz,10,120,0.47440226872626073,4,4,25,31.622776601683796,0.1,32,16
343,sample_000343.npz,10,120,0.47440226872626073,4,4,25,31.622776601683796,0.1,32,16
344,sample_000344.npz,10,120,0.47440226872626073,4,4,25,31.622776601683796,0.1,32,16
345,sample_000345.npz,10,120,0.47440226872626073,4,4,25,31.622776601683796,0.1,32,16
346,sample_000346.npz,10,120,0.47440226872626073,4,4,25,31.622776601683796,0.1,32,16
347,sample_000347.npz,10,120,0.47440226872626073,4,4,25,31.622776601683796,0.1,32,16
348,sample_000348.npz,10,120,0.47440226872626073,4,4,25,31.622776601683796,0.1,32,16
349,sample_000349.npz,10,120,0.47440226872626073,4,4,25,31.622776601683796,0.1,32,16
350,sample_000350.npz,10,120,0.47440226872626073,4,4,25,31.622776601683796,0.1,32,16
351,sample_000351.npz,10,120,0.47440226872626073,4,4,25,31.622776601683796,0.1,32,16
352,sample_000352.npz,10,120,0.47440226872626073,4,4,25,31.622776601683796,0.1,32,16
353,sample_000353.npz,10,120,0.47440226872626073,4,4,25,31.622776601683796,0.1,32,16
354,sample_000354.npz,10,120,0.47440226872626073,4,4,25,31.622776601683796,0.1,32,16
355,sample_000355.npz,10,120,0.47440226872626073,4,4,25,31.622776601683796,0.1,32,16
356,sample_000356.npz,10,120,0.47440226872626073,4,4,25,31.622776601683796,0.1,32,16
357,sample_000357.npz,10,120,0.47440226872626073,4,4,25,31.622776601683796,0.1,32,16
358,sample_000358.npz,10,120,0.47440226872626073,4,4,25,31.622776601683796,0.1,32,16
359,sample_000359.npz,10,120,0.47440226872626073,4,4,25,31.622776601683796,0.1,32,16
360,sample_000360.npz,10,120,0.47440226872626073,4,4,25,31.622776601683796,0.1,32,16
361,sample_000361.npz,10,120,0.47440226872626073,4,4,25,31.622776601683796,0.1,32,16
362,sample_000362.npz,10,120,0.47440226872626073,4,4,25,31.622776601683796,0.1,32,16
363,sample_000363.npz,10,120,0.47440226872626073,4,4,25,31.622776601683796,0.1,32,16
364,sample_000364.npz,10,120,0.47440226872626073,4,4,25,31.622776601683796,0.1,32,16
365,sample_000365.npz,10,120,0.47440226872626073,4,4,25,31.622776601683796,0.1,32,16
366,sample_000366.npz,10,120,0.47440226872626073,4,4,25,31.622776601683796,0.1,32,16
367,sample_000367.npz,10,120,0.47440226872626073,4,4,25,31.622776601683796,0.1,32,16
368,sample_000368.npz,10,120,0.47440226872626073,4,4,25,31.622776601683796,0.1,32,16
369,sample_000369.npz,10,120,0.47440226872626073,4,4,25,31.622776601683796,0.1,32,16
370,sample_000370.npz,10,120,0.47440226872626073,4,4,25,31.622776601683796,0.1,32,16
371,sample_000371.npz,10,120,0.47440226872626073,4,4,25,31.622776601683796,0.1,32,16
372,sample_000372.npz,10,120,0.47440226872626073,4,4,25,31.622776601683796,0.1,32,16
373,sample_000373.npz,10,120,0.47440226872626073,4,4,25,31.622776601683796,0.1,32,16
374,sample_000374.npz,10,120,0.47440226872626073,4,4,25,31.622776601683796,0.1,32,16
375,sample_000375.npz,10,120,0.47440226872626073,4,4,25,31.622776601683796,0.1,32,16
376,sample_000376.npz,10,120,0.47440226872626073,4,4,25,31.622776601683796,0.1,32,16
377,sample_000377.npz,10,120,0.47440226872626073,4,4,25,31.622776601683796,0.1,32,16
378,sample_000378.npz,10,120,0.47440226872626073,4,4,25,31.622776601683796,0.1,32,16
379,sample_000379.npz,10,120,0.47440226872626073,4,4,25,31.622776601683796,0.1,32,16
380,sample_000380.npz,10,120,0.47440226872626073,4,4,25,31.622776601683796,0.1,32,16
381,sample_000381.npz,10,120,0.47440226872626073,4,4,25,31.622776601683796,0.1,32,16
382,sample_000382.npz,10,120,0.47440226872626073,4,4,25,31.622776601683796,0.1,32,16
383,sample_000383.npz,10,120,0.47440226872626073,4,4,25,31.622776601683796,0.1,32,16
384,sample_000384.npz,10,120,0.47440226872626073,4,4,25,31.622776601683796,0.1,32,16
385,sample_000385.npz,10,120,0.47440226872626073,4,4,25,31.622776601683796,0.1,32,16
386,sample_000386.npz,10,120,0.47440226872626073,4,4,25,31.622776601683796,0.1,32,16
387,sample_000387.npz,10,120,0.47440226872626073,4,4,25,31.622776601683796,0.1,32,16
388,sample_000388.npz,10,120,0.47440226872626073,4,4,25,31.622776601683796,0.1,32,16
389,sample_000389.npz,10,120,0.47440226872626073,4,4,25,31.622776601683796,0.1,32,16
390,sample_000390.npz,10,120,0.47440226872626073,4,4,25,31.622776601683796,0.1,32,16
391,sample_000391.npz,10,120,0.47440226872626073,4,4,25,31.622776601683796,0.1,32,16
392,sample_000392.npz,10,120,0.47440226872626073,4,4,25,31.622776601683796,0.1,32,16
393,sample_000393.npz,10,120,0.47440226872626073,4,4,25,31.622776601683796,0.1,32,16
394,sample_000394.npz,10,120,0.47440226872626073,4,4,25,31.622776601683796,0.1,32,16
395,sample_000395.npz,10,120,0.47440226872626073,4,4,25,31.622776601683796,0.1,32,16
396,sample_000396.npz,10,120,0.47440226872626073,4,4,25,31.622776601683796,0.1,32,16
397,sample_000397.npz,10,120,0.47440226872626073,4,4,25,31.622776601683796,0.1,32,16
398,sample_000398.npz,10,120,0.47440226872626073,4,4,25,31.622776601683796,0.1,32,16
399,sample_000399.npz,10,120,0.47440226872626073,4,4,25,31.622776601683796,0.1,32,16
400,sample_000400.npz,15,120,0.47440226872626073,4,4,25,10.0,0.03162277660168379,32,16
401,sample_000401.npz,15,120,0.47440226872626073,4,4,25,10.0,0.03162277660168379,32,16
402,sample_000402.npz,15,120,0.47440226872626073,4,4,25,10.0,0.03162277660168379,32,16
403,sample_000403.npz,15,120,0.47440226872626073,4,4,25,10.0,0.03162277660168379,32,16
404,sample_000404.npz,15,120,0.47440226872626073,4,4,25,10.0,0.03162277660168379,32,16
405,sample_000405.npz,15,120,0.47440226872626073,4,4,25,10.0,0.03162277660168379,32,16
406,sample_000406.npz,15,120,0.47440226872626073,4,4,25,10.0,0.03162277660168379,32,16
407,sample_000407.npz,15,120,0.47440226872626073,4,4,25,10.0,0.03162277660168379,32,16
408,sample_000408.npz,15,120,0.47440226872626073,4,4,25,10.0,0.03162277660168379,32,16
409,sample_000409.npz,15,120,0.47440226872626073,4,4,25,10.0,0.03162277660168379,32,16
410,sample_000410.npz,15,120,0.47440226872626073,4,4,25,10.0,0.03162277660168379,32,16
411,sample_000411.npz,15,120,0.47440226872626073,4,4,25,10.0,0.03162277660168379,32,16
412,sample_000412.npz,15,120,0.47440226872626073,4,4,25,10.0,0.03162277660168379,32,16
413,sample_000413.npz,15,120,0.47440226872626073,4,4,25,10.0,0.03162277660168379,32,16
414,sample_000414.npz,15,120,0.47440226872626073,4,4,25,10.0,0.03162277660168379,32,16
415,sample_000415.npz,15,120,0.47440226872626073,4,4,25,10.0,0.03162277660168379,32,16
416,sample_000416.npz,15,120,0.47440226872626073,4,4,25,10.0,0.03162277660168379,32,16
417,sample_000417.npz,15,120,0.47440226872626073,4,4,25,10.0,0.03162277660168379,32,16
418,sample_000418.npz,15,120,0.47440226872626073,4,4,25,10.0,0.03162277660168379,32,16
419,sample_000419.npz,15,120,0.47440226872626073,4,4,25,10.0,0.03162277660168379,32,16
420,sample_000420.npz,15,120,0.47440226872626073,4,4,25,10.0,0.03162277660168379,32,16
421,sample_000421.npz,15,120,0.47440226872626073,4,4,25,10.0,0.03162277660168379,32,16
422,sample_000422.npz,15,120,0.47440226872626073,4,4,25,10.0,0.03162277660168379,32,16
423,sample_000423.npz,15,120,0.47440226872626073,4,4,25,10.0,0.03162277660168379,32,16
424,sample_000424.npz,15,120,0.47440226872626073,4,4,25,10.0,0.03162277660168379,32,16
425,sample_000425.npz,15,120,0.47440226872626073,4,4,25,10.0,0.03162277660168379,32,16
426,sample_000426.npz,15,120,0.47440226872626073,4,4,25,10.0,0.03162277660168379,32,16
427,sample_000427.npz,15,120,0.47440226872626073,4,4,25,10.0,0.03162277660168379,32,16
428,sample_000428.npz,15,120,0.47440226872626073,4,4,25,10.0,0.03162277660168379,32,16
429,sample_000429.npz,15,120,0.47440226872626073,4,4,25,10.0,0.03162277660168379,32,16
430,sample_000430.npz,15,120,0.47440226872626073,4,4,25,10.0,0.03162277660168379,32,16
431,sample_000431.npz,15,120,0.47440226872626073,4,4,25,10.0,0.03162277660168379,32,16
432,sample_000432.npz,15,120,0.47440226872626073,4,4,25,10.0,0.03162277660168379,32,16
433,sample_000433.npz,15,120,0.47440226872626073,4,4,25,10.0,0.03162277660168379,32,16
434,sample_000434.npz,15,120,0.47440226872626073,4,4,25,10.0,0.03162277660168379,32,16
435,sample_000435.npz,15,120,0.47440226872626073,4,4,25,10.0,0.03162277660168379,32,16
436,sample_000436.npz,15,120,0.47440226872626073,4,4,25,10.0,0.03162277660168379,32,16
437,sample_000437.npz,15,120,0.47440226872626073,4,4,25,10.0,0.03162277660168379,32,16
438,sample_000438.npz,15,120,0.47440226872626073,4,4,25,10.0,0.03162277660168379,32,16
439,sample_000439.npz,15,120,0.47440226872626073,4,4,25,10.0,0.03162277660168379,32,16
440,sample_000440.npz,15,120,0.47440226872626073,4,4,25,10.0,0.03162277660168379,32,16
441,sample_000441.npz,15,120,0.47440226872626073,4,4,25,10.0,0.03162277660168379,32,16
442,sample_000442.npz,15,120,0.47440226872626073,4,4,25,10.0,0.03162277660168379,32,16
443,sample_000443.npz,15,120,0.47440226872626073,4,4,25,10.0,0.03162277660168379,32,16
444,sample_000444.npz,15,120,0.47440226872626073,4,4,25,10.0,0.03162277660168379,32,16
445,sample_000445.npz,15,120,0.47440226872626073,4,4,25,10.0,0.03162277660168379,32,16
446,sample_000446.npz,15,120,0.47440226872626073,4,4,25,10.0,0.03162277660168379,32,16
447,sample_000447.npz,15,120,0.47440226872626073,4,4,25,10.0,0.03162277660168379,32,16
448,sample_000448.npz,15,120,0.47440226872626073,4,4,25,10.0,0.03162277660168379,32,16
449,sample_000449.npz,15,120,0.47440226872626073,4,4,25,10.0,0.03162277660168379,32,16
450,sample_000450.npz,15,120,0.47440226872626073,4,4,25,10.0,0.03162277660168379,32,16
451,sample_000451.npz,15,120,0.47440226872626073,4,4,25,10.0,0.03162277660168379,32,16
452,sample_000452.npz,15,120,0.47440226872626073,4,4,25,10.0,0.03162277660168379,32,16
453,sample_000453.npz,15,120,0.47440226872626073,4,4,25,10.0,0.03162277660168379,32,16
454,sample_000454.npz,15,120,0.47440226872626073,4,4,25,10.0,0.03162277660168379,32,16
455,sample_000455.npz,15,120,0.47440226872626073,4,4,25,10.0,0.03162277660168379,32,16
456,sample_000456.npz,15,120,0.47440226872626073,4,4,25,10.0,0.03162277660168379,32,16
457,sample_000457.npz,15,120,0.47440226872626073,4,4,25,10.0,0.03162277660168379,32,16
458,sample_000458.npz,15,120,0.47440226872626073,4,4,25,10.0,0.03162277660168379,32,16
459,sample_000459.npz,15,120,0.47440226872626073,4,4,25,10.0,0.03162277660168379,32,16
460,sample_000460.npz,15,120,0.47440226872626073,4,4,25,10.0,0.03162277660168379,32,16
461,sample_000461.npz,15,120,0.47440226872626073,4,4,25,10.0,0.03162277660168379,32,16
462,sample_000462.npz,15,120,0.47440226872626073,4,4,25,10.0,0.03162277660168379,32,16
463,sample_000463.npz,15,120,0.47440226872626073,4,4,25,10.0,0.03162277660168379,32,16
464,sample_000464.npz,15,120,0.47440226872626073,4,4,25,10.0,0.03162277660168379,32,16
465,sample_000465.npz,15,120,0.47440226872626073,4,4,25,10.0,0.03162277660168379,32,16
466,sample_000466.npz,15,120,0.47440226872626073,4,4,25,10.0,0.03162277660168379,32,16
467,sample_000467.npz,15,120,0.47440226872626073,4,4,25,10.0,0.03162277660168379,32,16
468,sample_000468.npz,15,120,0.47440226872626073,4,4,25,10.0,0.03162277660168379,32,16
469,sample_000469.npz,15,120,0.47440226872626073,4,4,25,10.0,0.03162277660168379,32,16
470,sample_000470.npz,15,120,0.47440226872626073,4,4,25,10.0,0.03162277660168379,32,16
471,sample_000471.npz,15,120,0.47440226872626073,4,4,25,10.0,0.03162277660168379,32,16
472,sample_000472.npz,15,120,0.47440226872626073,4,4,25,10.0,0.03162277660168379,32,16
473,sample_000473.npz,15,120,0.47440226872626073,4,4,25,10.0,0.03162277660168379,32,16
474,sample_000474.npz,15,120,0.47440226872626073,4,4,25,10.0,0.03162277660168379,32,16
475,sample_000475.npz,15,120,0.47440226872626073,4,4,25,10.0,0.03162277660168379,32,16
476,sample_000476.npz,15,120,0.47440226872626073,4,4,25,10.0,0.03162277660168379,32,16
477,sample_000477.npz,15,120,0.47440226872626073,4,4,25,10.0,0.03162277660168379,32,16
478,sample_000478.npz,15,120,0.47440226872626073,4,4,25,10.0,0.03162277660168379,32,16
479,sample_000479.npz,15,120,0.47440226872626073,4,4,25,10.0,0.03162277660168379,32,16
480,sample_000480.npz,15,120,0.47440226872626073,4,4,25,10.0,0.03162277660168379,32,16
481,sample_000481.npz,15,120,0.47440226872626073,4,4,25,10.0,0.03162277660168379,32,16
482,sample_000482.npz,15,120,0.47440226872626073,4,4,25,10.0,0.03162277660168379,32,16
483,sample_000483.npz,15,120,0.47440226872626073,4,4,25,10.0,0.03162277660168379,32,16
484,sample_000484.npz,15,120,0.47440226872626073,4,4,25,10.0,0.03162277660168379,32,16
485,sample_000485.npz,15,120,0.47440226872626073,4,4,25,10.0,0.03162277660168379,32,16
486,sample_000486.npz,15,120,0.47440226872626073,4,4,25,10.0,0.03162277660168379,32,16
487,sample_000487.npz,15,120,0.47440226872626073,4,4,25,10.0,0.03162277660168379,32,16
488,sample_000488.npz,15,120,0.47440226872626073,4,4,25,10.0,0.03162277660168379,32,16
489,sample_000489.npz,15,120,0.47440226872626073,4,4,25,10.0,0.03162277660168379,32,16
490,sample_000490.npz,15,120,0.47440226872626073,4,4,25,10.0,0.03162277660168379,32,16
491,sample_000491.npz,15,120,0.47440226872626073,4,4,25,10.0,0.03162277660168379,32,16
492,sample_000492.npz,15,120,0.47440226872626073,4,4,25,10.0,0.03162277660168379,32,16
493,sample_000493.npz,15,120,0.47440226872626073,4,4,25,10.0,0.03162277660168379,32,16
494,sample_000494.npz,15,120,0.47440226872626073,4,4,25,10.0,0.03162277660168379,32,16
495,sample_000495.npz,15,120,0.47440226872626073,4,4,25,10.0,0.03162277660168379,32,16
496,sample_000496.npz,15,120,0.47440226872626073,4,4,25,10.0,0.03162277660168379,32,16
497,sample_000497.npz,15,120,0.47440226872626073,4,4,25,10.0,0.03162277660168379,32,16
498,sample_000498.npz,15,120,0.47440226872626073,4,4,25,10.0,0.03162277660168379,32,16
499,sample_000499.npz,15,120,0.47440226872626073,4,4,25,10.0,0.03162277660168379,32,16
500,sample_000500.npz,20,120,0.47440226872626073,4,4,25,3.1622776601683795,0.01,32,16
501,sample_000501.npz,20,120,0.47440226872626073,4,4,25,3.1622776601683795,0.01,32,16
502,sample_000502.npz,20,120,0.47440226872626073,4,4,25,3.1622776601683795,0.01,32,16
503,sample_000503.npz,20,120,0.47440226872626073,4,4,25,3.1622776601683795,0.01,32,16
504,sample_000504.npz,20,120,0.47440226872626073,4,4,25,3.1622776601683795,0.01,32,16
505,sample_000505.npz,20,120,0.47440226872626073,4,4,25,3.1622776601683795,0.01,32,16
506,sample_000506.npz,20,120,0.47440226872626073,4,4,25,3.1622776601683795,0.01,32,16
507,sample_000507.npz,20,120,0.47440226872626073,4,4,25,3.1622776601683795,0.01,32,16
508,sample_000508.npz,20,120,0.47440226872626073,4,4,25,3.1622776601683795,0.01,32,16
509,sample_000509.npz,20,120,0.47440226872626073,4,4,25,3.1622776601683795,0.01,32,16
510,sample_000510.npz,20,120,0.47440226872626073,4,4,25,3.1622776601683795,0.01,32,16
511,sample_000511.npz,20,120,0.47440226872626073,4,4,25,3.1622776601683795,0.01,32,16
512,sample_000512.npz,20,120,0.47440226872626073,4,4,25,3.1622776601683795,0.01,32,16
513,sample_000513.npz,20,120,0.47440226872626073,4,4,25,3.1622776601683795,0.01,32,16
514,sample_000514.npz,20,120,0.47440226872626073,4,4,25,3.1622776601683795,0.01,32,16
515,sample_000515.npz,20,120,0.47440226872626073,4,4,25,3.1622776601683795,0.01,32,16
516,sample_000516.npz,20,120,0.47440226872626073,4,4,25,3.1622776601683795,0.01,32,16
517,sample_000517.npz,20,120,0.47440226872626073,4,4,25,3.1622776601683795,0.01,32,16
518,sample_000518.npz,20,120,0.47440226872626073,4,4,25,3.1622776601683795,0.01,32,16
519,sample_000519.npz,20,120,0.47440226872626073,4,4,25,3.1622776601683795,0.01,32,16
520,sample_000520.npz,20,120,0.47440226872626073,4,4,25,3.1622776601683795,0.01,32,16
521,sample_000521.npz,20,120,0.47440226872626073,4,4,25,3.1622776601683795,0.01,32,16
522,sample_000522.npz,20,120,0.47440226872626073,4,4,25,3.1622776601683795,0.01,32,16
523,sample_000523.npz,20,120,0.47440226872626073,4,4,25,3.1622776601683795,0.01,32,16
524,sample_000524.npz,20,120,0.47440226872626073,4,4,25,3.1622776601683795,0.01,32,16
525,sample_000525.npz,20,120,0.47440226872626073,4,4,25,3.1622776601683795,0.01,32,16
526,sample_000526.npz,20,120,0.47440226872626073,4,4,25,3.1622776601683795,0.01,32,16
527,sample_000527.npz,20,120,0.47440226872626073,4,4,25,3.1622776601683795,0.01,32,16
528,sample_000528.npz,20,120,0.47440226872626073,4,4,25,3.1622776601683795,0.01,32,16
529,sample_000529.npz,20,120,0.47440226872626073,4,4,25,3.1622776601683795,0.01,32,16
530,sample_000530.npz,20,120,0.47440226872626073,4,4,25,3.1622776601683795,0.01,32,16
531,sample_000531.npz,20,120,0.47440226872626073,4,4,25,3.1622776601683795,0.01,32,16
532,sample_000532.npz,20,120,0.47440226872626073,4,4,25,3.1622776601683795,0.01,32,16
533,sample_000533.npz,20,120,0.47440226872626073,4,4,25,3.1622776601683795,0.01,32,16
534,sample_000534.npz,20,120,0.47440226872626073,4,4,25,3.1622776601683795,0.01,32,16
535,sample_000535.npz,20,120,0.47440226872626073,4,4,25,3.1622776601683795,0.01,32,16
536,sample_000536.npz,20,120,0.47440226872626073,4,4,25,3.1622776601683795,0.01,32,16
537,sample_000537.npz,20,120,0.47440226872626073,4,4,25,3.1622776601683795,0.01,32,16
538,sample_000538.npz,20,120,0.47440226872626073,4,4,25,3.1622776601683795,0.01,32,16
539,sample_000539.npz,20,120,0.47440226872626073,4,4,25,3.1622776601683795,0.01,32,16
540,sample_000540.npz,20,120,0.47440226872626073,4,4,25,3.1622776601683795,0.01,32,16
541,sample_000541.npz,20,120,0.47440226872626073,4,4,25,3.1622776601683795,0.01,32,16
542,sample_000542.npz,20,120,0.47440226872626073,4,4,25,3.1622776601683795,0.01,32,16
543,sample_000543.npz,20,120,0.47440226872626073,4,4,25,3.1622776601683795,0.01,32,16
544,sample_000544.npz,20,120,0.47440226872626073,4,4,25,3.1622776601683795,0.01,32,16
545,sample_000545.npz,20,120,0.47440226872626073,4,4,25,3.1622776601683795,0.01,32,16
546,sample_000546.npz,20,120,0.47440226872626073,4,4,25,3.1622776601683795,0.01,32,16
547,sample_000547.npz,20,120,0.47440226872626073,4,4,25,3.1622776601683795,0.01,32,16
548,sample_000548.npz,20,120,0.47440226872626073,4,4,25,3.1622776601683795,0.01,32,16
549,sample_000549.npz,20,120,0.47440226872626073,4,4,25,3.1622776601683795,0.01,32,16
550,sample_000550.npz,20,120,0.47440226872626073,4,4,25,3.1622776601683795,0.01,32,16
551,sample_000551.npz,20,120,0.47440226872626073,4,4,25,3.1622776601683795,0.01,32,16
552,sample_000552.npz,20,120,0.47440226872626073,4,4,25,3.1622776601683795,0.01,32,16
553,sample_000553.npz,20,120,0.47440226872626073,4,4,25,3.1622776601683795,0.01,32,16
554,sample_000554.npz,20,120,0.47440226872626073,4,4,25,3.1622776601683795,0.01,32,16
555,sample_000555.npz,20,120,0.47440226872626073,4,4,25,3.1622776601683795,0.01,32,16
556,sample_000556.npz,20,120,0.47440226872626073,4,4,25,3.1622776601683795,0.01,32,16
557,sample_000557.npz,20,120,0.47440226872626073,4,4,25,3.1622776601683795,0.01,32,16
558,sample_000558.npz,20,120,0.47440226872626073,4,4,25,3.1622776601683795,0.01,32,16
559,sample_000559.npz,20,120,0.47440226872626073,4,4,25,3.1622776601683795,0.01,32,16
560,sample_000560.npz,20,120,0.47440226872626073,4,4,25,3.1622776601683795,0.01,32,16
561,sample_000561.npz,20,120,0.47440226872626073,4,4,25,3.1622776601683795,0.01,32,16
562,sample_000562.npz,20,120,0.47440226872626073,4,4,25,3.1622776601683795,0.01,32,16
563,sample_000563.npz,20,120,0.47440226872626073,4,4,25,3.1622776601683795,0.01,32,16
564,sample_000564.npz,20,120,0.47440226872626073,4,4,25,3.1622776601683795,0.01,32,16
565,sample_000565.npz,20,120,0.47440226872626073,4,4,25,3.1622776601683795,0.01,32,16
566,sample_000566.npz,20,120,0.47440226872626073,4,4,25,3.1622776601683795,0.01,32,16
567,sample_000567.npz,20,120,0.47440226872626073,4,4,25,3.1622776601683795,0.01,32,16
568,sample_000568.npz,20,120,0.47440226872626073,4,4,25,3.1622776601683795,0.01,32,16
569,sample_000569.npz,20,120,0.47440226872626073,4,4,25,3.1622776601683795,0.01,32,16
570,sample_000570.npz,20,120,0.47440226872626073,4,4,25,3.1622776601683795,0.01,32,16
571,sample_000571.npz,20,120,0.47440226872626073,4,4,25,3.1622776601683795,0.01,32,16
572,sample_000572.npz,20,120,0.47440226872626073,4,4,25,3.1622776601683795,0.01,32,16
573,sample_000573.npz,20,120,0.47440226872626073,4,4,25,3.1622776601683795,0.01,32,16
574,sample_000574.npz,20,120,0.47440226872626073,4,4,25,3.1622776601683795,0.01,32,16
575,sample_000575.npz,20,120,0.47440226872626073,4,4,25,3.1622776601683795,0.01,32,16
576,sample_000576.npz,20,120,0.47440226872626073,4,4,25,3.1622776601683795,0.01,32,16
577,sample_000577.npz,20,120,0.47440226872626073,4,4,25,3.1622776601683795,0.01,32,16
578,sample_000578.npz,20,120,0.47440226872626073,4,4,25,3.1622776601683795,0.01,32,16
579,sample_000579.npz,20,120,0.47440226872626073,4,4,25,3.1622776601683795,0.01,32,16
580,sample_000580.npz,20,120,0.47440226872626073,4,4,25,3.1622776601683795,0.01,32,16
581,sample_000581.npz,20,120,0.47440226872626073,4,4,25,3.1622776601683795,0.01,32,16
582,sample_000582.npz,20,120,0.47440226872626073,4,4,25,3.1622776601683795,0.01,32,16
583,sample_000583.npz,20,120,0.47440226872626073,4,4,25,3.1622776601683795,0.01,32,16
584,sample_000584.npz,20,120,0.47440226872626073,4,4,25,3.1622776601683795,0.01,32,16
585,sample_000585.npz,20,120,0.47440226872626073,4,4,25,3.1622776601683795,0.01,32,16
586,sample_000586.npz,20,120,0.47440226872626073,4,4,25,3.1622776601683795,0.01,32,16
587,sample_000587.npz,20,120,0.47440226872626073,4,4,25,3.1622776601683795,0.01,32,16
588,sample_000588.npz,20,120,0.47440226872626073,4,4,25,3.1622776601683795,0.01,32,16
589,sample_000589.npz,20,120,0.47440226872626073,4,4,25,3.1622776601683795,0.01,32,16
590,sample_000590.npz,20,120,0.47440226872626073,4,4,25,3.1622776601683795,0.01,32,16
591,sample_000591.npz,20,120,0.47440226872626073,4,4,25,3.1622776601683795,0.01,32,16
592,sample_000592.npz,20,120,0.47440226872626073,4,4,25,3.1622776601683795,0.01,32,16
593,sample_000593.npz,20,120,0.47440226872626073,4,4,25,3.1622776601683795,0.01,32,16
594,sample_000594.npz,20,120,0.47440226872626073,4,4,25,3.1622776601683795,0.01,32,16
595,sample_000595.npz,20,120,0.47440226872626073,4,4,25,3.1622776601683795,0.01,32,16
596,sample_000596.npz,20,120,0.47440226872626073,4,4,25,3.1622776601683795,0.01,32,16
597,sample_000597.npz,20,120,0.47440226872626073,4,4,25,3.1622776601683795,0.01,32,16
598,sample_000598.npz,20,120,0.47440226872626073,4,4,25,3.1622776601683795,0.01,32,16
599,sample_000599.npz,20,120,0.47440226872626073,4,4,25,3.1622776601683795,0.01,32,16
600,sample_000600.npz,10,500,1.9766761196927527,4,4,25,31.622776601683796,0.1,32,16
601,sample_000601.npz,10,500,1.9766761196927527,4,4,25,31.622776601683796,0.1,32,16
602,sample_000602.npz,10,500,1.9766761196927527,4,4,25,31.622776601683796,0.1,32,16
603,sample_000603.npz,10,500,1.9766761196927527,4,4,25,31.622776601683796,0.1,32,16
604,sample_000604.npz,10,500,1.9766761196927527,4,4,25,31.622776601683796,0.1,32,16
605,sample_000605.npz,10,500,1.9766761196927527,4,4,25,31.622776601683796,0.1,32,16
606,sample_000606.npz,10,500,1.9766761196927527,4,4,25,31.622776601683796,0.1,32,16
607,sample_000607.npz,10,500,1.9766761196927527,4,4,25,31.622776601683796,0.1,32,16
608,sample_000608.npz,10,500,1.9766761196927527,4,4,25,31.622776601683796,0.1,32,16
609,sample_000609.npz,10,500,1.9766761196927527,4,4,25,31.622776601683796,0.1,32,16
610,sample_000610.npz,10,500,1.9766761196927527,4,4,25,31.622776601683796,0.1,32,16
611,sample_000611.npz,10,500,1.9766761196927527,4,4,25,31.622776601683796,0.1,32,16
612,sample_000612.npz,10,500,1.9766761196927527,4,4,25,31.622776601683796,0.1,32,16
613,sample_000613.npz,10,500,1.9766761196927527,4,4,25,31.622776601683796,0.1,32,16
614,sample_000614.npz,10,500,1.9766761196927527,4,4,25,31.622776601683796,0.1,32,16
615,sample_000615.npz,10,500,1.9766761196927527,4,4,25,31.622776601683796,0.1,32,16
616,sample_000616.npz,10,500,1.9766761196927527,4,4,25,31.622776601683796,0.1,32,16
617,sample_000617.npz,10,500,1.9766761196927527,4,4,25,31.622776601683796,0.1,32,16
618,sample_000618.npz,10,500,1.9766761196927527,4,4,25,31.622776601683796,0.1,32,16
619,sample_000619.npz,10,500,1.9766761196927527,4,4,25,31.622776601683796,0.1,32,16
620,sample_000620.npz,10,500,1.9766761196927527,4,4,25,31.622776601683796,0.1,32,16
621,sample_000621.npz,10,500,1.9766761196927527,4,4,25,31.622776601683796,0.1,32,16
622,sample_000622.npz,10,500,1.9766761196927527,4,4,25,31.622776601683796,0.1,32,16
623,sample_000623.npz,10,500,1.9766761196927527,4,4,25,31.622776601683796,0.1,32,16
624,sample_000624.npz,10,500,1.9766761196927527,4,4,25,31.622776601683796,0.1,32,16
625,sample_000625.npz,10,500,1.9766761196927527,4,4,25,31.622776601683796,0.1,32,16
626,sample_000626.npz,10,500,1.9766761196927527,4,4,25,31.622776601683796,0.1,32,16
627,sample_000627.npz,10,500,1.9766761196927527,4,4,25,31.622776601683796,0.1,32,16
628,sample_000628.npz,10,500,1.9766761196927527,4,4,25,31.622776601683796,0.1,32,16
629,sample_000629.npz,10,500,1.9766761196927527,4,4,25,31.622776601683796,0.1,32,16
630,sample_000630.npz,10,500,1.9766761196927527,4,4,25,31.622776601683796,0.1,32,16
631,sample_000631.npz,10,500,1.9766761196927527,4,4,25,31.622776601683796,0.1,32,16
632,sample_000632.npz,10,500,1.9766761196927527,4,4,25,31.622776601683796,0.1,32,16
633,sample_000633.npz,10,500,1.9766761196927527,4,4,25,31.622776601683796,0.1,32,16
634,sample_000634.npz,10,500,1.9766761196927527,4,4,25,31.622776601683796,0.1,32,16
635,sample_000635.npz,10,500,1.9766761196927527,4,4,25,31.622776601683796,0.1,32,16
636,sample_000636.npz,10,500,1.9766761196927527,4,4,25,31.622776601683796,0.1,32,16
637,sample_000637.npz,10,500,1.9766761196927527,4,4,25,31.622776601683796,0.1,32,16
638,sample_000638.npz,10,500,1.9766761196927527,4,4,25,31.622776601683796,0.1,32,16
639,sample_000639.npz,10,500,1.9766761196927527,4,4,25,31.622776601683796,0.1,32,16
640,sample_000640.npz,10,500,1.9766761196927527,4,4,25,31.622776601683796,0.1,32,16
641,sample_000641.npz,10,500,1.9766761196927527,4,4,25,31.622776601683796,0.1,32,16
642,sample_000642.npz,10,500,1.9766761196927527,4,4,25,31.622776601683796,0.1,32,16
643,sample_000643.npz,10,500,1.9766761196927527,4,4,25,31.622776601683796,0.1,32,16
644,sample_000644.npz,10,500,1.9766761196927527,4,4,25,31.622776601683796,0.1,32,16
645,sample_000645.npz,10,500,1.9766761196927527,4,4,25,31.622776601683796,0.1,32,16
646,sample_000646.npz,10,500,1.9766761196927527,4,4,25,31.622776601683796,0.1,32,16
647,sample_000647.npz,10,500,1.9766761196927527,4,4,25,31.622776601683796,0.1,32,16
648,sample_000648.npz,10,500,1.9766761196927527,4,4,25,31.622776601683796,0.1,32,16
649,sample_000649.npz,10,500,1.9766761196927527,4,4,25,31.622776601683796,0.1,32,16
650,sample_000650.npz,10,500,1.9766761196927527,4,4,25,31.622776601683796,0.1,32,16
651,sample_000651.npz,10,500,1.9766761196927527,4,4,25,31.622776601683796,0.1,32,16
652,sample_000652.npz,10,500,1.9766761196927527,4,4,25,31.622776601683796,0.1,32,16
653,sample_000653.npz,10,500,1.9766761196927527,4,4,25,31.622776601683796,0.1,32,16
654,sample_000654.npz,10,500,1.9766761196927527,4,4,25,31.622776601683796,0.1,32,16
655,sample_000655.npz,10,500,1.9766761196927527,4,4,25,31.622776601683796,0.1,32,16
656,sample_000656.npz,10,500,1.9766761196927527,4,4,25,31.622776601683796,0.1,32,16
657,sample_000657.npz,10,500,1.9766761196927527,4,4,25,31.622776601683796,0.1,32,16
658,sample_000658.npz,10,500,1.9766761196927527,4,4,25,31.622776601683796,0.1,32,16
659,sample_000659.npz,10,500,1.9766761196927527,4,4,25,31.622776601683796,0.1,32,16
660,sample_000660.npz,10,500,1.9766761196927527,4,4,25,31.622776601683796,0.1,32,16
661,sample_000661.npz,10,500,1.9766761196927527,4,4,25,31.622776601683796,0.1,32,16
662,sample_000662.npz,10,500,1.9766761196927527,4,4,25,31.622776601683796,0.1,32,16
663,sample_000663.npz,10,500,1.9766761196927527,4,4,25,31.622776601683796,0.1,32,16
664,sample_000664.npz,10,500,1.9766761196927527,4,4,25,31.622776601683796,0.1,32,16
665,sample_000665.npz,10,500,1.9766761196927527,4,4,25,31.622776601683796,0.1,32,16
666,sample_000666.npz,10,500,1.9766761196927527,4,4,25,31.622776601683796,0.1,32,16
667,sample_000667.npz,10,500,1.9766761196927527,4,4,25,31.622776601683796,0.1,32,16
668,sample_000668.npz,10,500,1.9766761196927527,4,4,25,31.622776601683796,0.1,32,16
669,sample_000669.npz,10,500,1.9766761196927527,4,4,25,31.622776601683796,0.1,32,16
670,sample_000670.npz,10,500,1.9766761196927527,4,4,25,31.622776601683796,0.1,32,16
671,sample_000671.npz,10,500,1.9766761196927527,4,4,25,31.622776601683796,0.1,32,16
672,sample_000672.npz,10,500,1.9766761196927527,4,4,25,31.622776601683796,0.1,32,16
673,sample_000673.npz,10,500,1.9766761196927527,4,4,25,31.622776601683796,0.1,32,16
674,sample_000674.npz,10,500,1.9766761196927527,4,4,25,31.622776601683796,0.1,32,16
675,sample_000675.npz,10,500,1.9766761196927527,4,4,25,31.622776601683796,0.1,32,16
676,sample_000676.npz,10,500,1.9766761196927527,4,4,25,31.622776601683796,0.1,32,16
677,sample_000677.npz,10,500,1.9766761196927527,4,4,25,31.622776601683796,0.1,32,16
678,sample_000678.npz,10,500,1.9766761196927527,4,4,25,31.622776601683796,0.1,32,16
679,sample_000679.npz,10,500,1.9766761196927527,4,4,25,31.622776601683796,0.1,32,16
680,sample_000680.npz,10,500,1.9766761196927527,4,4,25,31.622776601683796,0.1,32,16
681,sample_000681.npz,10,500,1.9766761196927527,4,4,25,31.622776601683796,0.1,32,16
682,sample_000682.npz,10,500,1.9766761196927527,4,4,25,31.622776601683796,0.1,32,16
683,sample_000683.npz,10,500,1.9766761196927527,4,4,25,31.622776601683796,0.1,32,16
684,sample_000684.npz,10,500,1.9766761196927527,4,4,25,31.622776601683796,0.1,32,16
685,sample_000685.npz,10,500,1.9766761196927527,4,4,25,31.622776601683796,0.1,32,16
686,sample_000686.npz,10,500,1.9766761196927527,4,4,25,31.622776601683796,0.1,32,16
687,sample_000687.npz,10,500,1.9766761196927527,4,4,25,31.622776601683796,0.1,32,16
688,sample_000688.npz,10,500,1.9766761196927527,4,4,25,31.622776601683796,0.1,32,16
689,sample_000689.npz,10,500,1.9766761196927527,4,4,25,31.622776601683796,0.1,32,16
690,sample_000690.npz,10,500,1.9766761196927527,4,4,25,31.622776601683796,0.1,32,16
691,sample_000691.npz,10,500,1.9766761196927527,4,4,25,31.622776601683796,0.1,32,16
692,sample_000692.npz,10,500,1.9766761196927527,4,4,25,31.622776601683796,0.1,32,16
693,sample_000693.npz,10,500,1.9766761196927527,4,4,25,31.622776601683796,0.1,32,16
694,sample_000694.npz,10,500,1.9766761196927527,4,4,25,31.622776601683796,0.1,32,16
695,sample_000695.npz,10,500,1.9766761196927527,4,4,25,31.622776601683796,0.1,32,16
696,sample_000696.npz,10,500,1.9766761196927527,4,4,25,31.622776601683796,0.1,32,16
697,sample_000697.npz,10,500,1.9766761196927527,4,4,25,31.622776601683796,0.1,32,16
698,sample_000698.npz,10,500,1.9766761196927527,4,4,25,31.622776601683796,0.1,32,16
699,sample_000699.npz,10,500,1.9766761196927527,4,4,25,31.622776601683796,0.1,32,16
700,sample_000700.npz,15,500,1.9766761196927527,4,4,25,10.0,0.03162277660168379,32,16
701,sample_000701.npz,15,500,1.9766761196927527,4,4,25,10.0,0.03162277660168379,32,16
702,sample_000702.npz,15,500,1.9766761196927527,4,4,25,10.0,0.03162277660168379,32,16
703,sample_000703.npz,15,500,1.9766761196927527,4,4,25,10.0,0.03162277660168379,32,16
704,sample_000704.npz,15,500,1.9766761196927527,4,4,25,10.0,0.03162277660168379,32,16
705,sample_000705.npz,15,500,1.9766761196927527,4,4,25,10.0,0.03162277660168379,32,16
706,sample_000706.npz,15,500,1.9766761196927527,4,4,25,10.0,0.03162277660168379,32,16
707,sample_000707.npz,15,500,1.9766761196927527,4,4,25,10.0,0.03162277660168379,32,16
708,sample_000708.npz,15,500,1.9766761196927527,4,4,25,10.0,0.03162277660168379,32,16
709,sample_000709.npz,15,500,1.9766761196927527,4,4,25,10.0,0.03162277660168379,32,16
710,sample_000710.npz,15,500,1.9766761196927527,4,4,25,10.0,0.03162277660168379,32,16
711,sample_000711.npz,15,500,1.9766761196927527,4,4,25,10.0,0.03162277660168379,32,16
712,sample_000712.npz,15,500,1.9766761196927527,4,4,25,10.0,0.03162277660168379,32,16
713,sample_000713.npz,15,500,1.9766761196927527,4,4,25,10.0,0.03162277660168379,32,16
714,sample_000714.npz,15,500,1.9766761196927527,4,4,25,10.0,0.03162277660168379,32,16
715,sample_000715.npz,15,500,1.9766761196927527,4,4,25,10.0,0.03162277660168379,32,16
716,sample_000716.npz,15,500,1.9766761196927527,4,4,25,10.0,0.03162277660168379,32,16
717,sample_000717.npz,15,500,1.9766761196927527,4,4,25,10.0,0.03162277660168379,32,16
718,sample_000718.npz,15,500,1.9766761196927527,4,4,25,10.0,0.03162277660168379,32,16
719,sample_000719.npz,15,500,1.9766761196927527,4,4,25,10.0,0.03162277660168379,32,16
720,sample_000720.npz,15,500,1.9766761196927527,4,4,25,10.0,0.03162277660168379,32,16
721,sample_000721.npz,15,500,1.9766761196927527,4,4,25,10.0,0.03162277660168379,32,16
722,sample_000722.npz,15,500,1.9766761196927527,4,4,25,10.0,0.03162277660168379,32,16
723,sample_000723.npz,15,500,1.9766761196927527,4,4,25,10.0,0.03162277660168379,32,16
724,sample_000724.npz,15,500,1.9766761196927527,4,4,25,10.0,0.03162277660168379,32,16
725,sample_000725.npz,15,500,1.9766761196927527,4,4,25,10.0,0.03162277660168379,32,16
726,sample_000726.npz,15,500,1.9766761196927527,4,4,25,10.0,0.03162277660168379,32,16
727,sample_000727.npz,15,500,1.9766761196927527,4,4,25,10.0,0.03162277660168379,32,16
728,sample_000728.npz,15,500,1.9766761196927527,4,4,25,10.0,0.03162277660168379,32,16
729,sample_000729.npz,15,500,1.9766761196927527,4,4,25,10.0,0.03162277660168379,32,16
730,sample_000730.npz,15,500,1.9766761196927527,4,4,25,10.0,0.03162277660168379,32,16
731,sample_000731.npz,15,500,1.9766761196927527,4,4,25,10.0,0.03162277660168379,32,16
732,sample_000732.npz,15,500,1.9766761196927527,4,4,25,10.0,0.03162277660168379,32,16
733,sample_000733.npz,15,500,1.9766761196927527,4,4,25,10.0,0.03162277660168379,32,16
734,sample_000734.npz,15,500,1.9766761196927527,4,4,25,10.0,0.03162277660168379,32,16
735,sample_000735.npz,15,500,1.9766761196927527,4,4,25,10.0,0.03162277660168379,32,16
736,sample_000736.npz,15,500,1.9766761196927527,4,4,25,10.0,0.03162277660168379,32,16
737,sample_000737.npz,15,500,1.9766761196927527,4,4,25,10.0,0.03162277660168379,32,16
738,sample_000738.npz,15,500,1.9766761196927527,4,4,25,10.0,0.03162277660168379,32,16
739,sample_000739.npz,15,500,1.9766761196927527,4,4,25,10.0,0.03162277660168379,32,16
740,sample_000740.npz,15,500,1.9766761196927527,4,4,25,10.0,0.03162277660168379,32,16
741,sample_000741.npz,15,500,1.9766761196927527,4,4,25,10.0,0.03162277660168379,32,16
742,sample_000742.npz,15,500,1.9766761196927527,4,4,25,10.0,0.03162277660168379,32,16
743,sample_000743.npz,15,500,1.9766761196927527,4,4,25,10.0,0.03162277660168379,32,16
744,sample_000744.npz,15,500,1.9766761196927527,4,4,25,10.0,0.03162277660168379,32,16
745,sample_000745.npz,15,500,1.9766761196927527,4,4,25,10.0,0.03162277660168379,32,16
746,sample_000746.npz,15,500,1.9766761196927527,4,4,25,10.0,0.03162277660168379,32,16
747,sample_000747.npz,15,500,1.9766761196927527,4,4,25,10.0,0.03162277660168379,32,16
748,sample_000748.npz,15,500,1.9766761196927527,4,4,25,10.0,0.03162277660168379,32,16
749,sample_000749.npz,15,500,1.9766761196927527,4,4,25,10.0,0.03162277660168379,32,16
750,sample_000750.npz,15,500,1.9766761196927527,4,4,25,10.0,0.03162277660168379,32,16
751,sample_000751.npz,15,500,1.9766761196927527,4,4,25,10.0,0.03162277660168379,32,16
752,sample_000752.npz,15,500,1.9766761196927527,4,4,25,10.0,0.03162277660168379,32,16
753,sample_000753.npz,15,500,1.9766761196927527,4,4,25,10.0,0.03162277660168379,32,16
754,sample_000754.npz,15,500,1.9766761196927527,4,4,25,10.0,0.03162277660168379,32,16
755,sample_000755.npz,15,500,1.9766761196927527,4,4,25,10.0,0.03162277660168379,32,16
756,sample_000756.npz,15,500,1.9766761196927527,4,4,25,10.0,0.03162277660168379,32,16
757,sample_000757.npz,15,500,1.9766761196927527,4,4,25,10.0,0.03162277660168379,32,16
758,sample_000758.npz,15,500,1.9766761196927527,4,4,25,10.0,0.03162277660168379,32,16
759,sample_000759.npz,15,500,1.9766761196927527,4,4,25,10.0,0.03162277660168379,32,16
760,sample_000760.npz,15,500,1.9766761196927527,4,4,25,10.0,0.03162277660168379,32,16
761,sample_000761.npz,15,500,1.9766761196927527,4,4,25,10.0,0.03162277660168379,32,16
762,sample_000762.npz,15,500,1.9766761196927527,4,4,25,10.0,0.03162277660168379,32,16
763,sample_000763.npz,15,500,1.9766761196927527,4,4,25,10.0,0.03162277660168379,32,16
764,sample_000764.npz,15,500,1.9766761196927527,4,4,25,10.0,0.03162277660168379,32,16
765,sample_000765.npz,15,500,1.9766761196927527,4,4,25,10.0,0.03162277660168379,32,16
766,sample_000766.npz,15,500,1.9766761196927527,4,4,25,10.0,0.03162277660168379,32,16
767,sample_000767.npz,15,500,1.9766761196927527,4,4,25,10.0,0.03162277660168379,32,16
768,sample_000768.npz,15,500,1.9766761196927527,4,4,25,10.0,0.03162277660168379,32,16
769,sample_000769.npz,15,500,1.9766761196927527,4,4,25,10.0,0.03162277660168379,32,16
770,sample_000770.npz,15,500,1.9766761196927527,4,4,25,10.0,0.03162277660168379,32,16
771,sample_000771.npz,15,500,1.9766761196927527,4,4,25,10.0,0.03162277660168379,32,16
772,sample_000772.npz,15,500,1.9766761196927527,4,4,25,10.0,0.03162277660168379,32,16
773,sample_000773.npz,15,500,1.9766761196927527,4,4,25,10.0,0.03162277660168379,32,16
774,sample_000774.npz,15,500,1.9766761196927527,4,4,25,10.0,0.03162277660168379,32,16
775,sample_000775.npz,15,500,1.9766761196927527,4,4,25,10.0,0.03162277660168379,32,16
776,sample_000776.npz,15,500,1.9766761196927527,4,4,25,10.0,0.03162277660168379,32,16
777,sample_000777.npz,15,500,1.9766761196927527,4,4,25,10.0,0.03162277660168379,32,16
778,sample_000778.npz,15,500,1.9766761196927527,4,4,25,10.0,0.03162277660168379,32,16
779,sample_000779.npz,15,500,1.9766761196927527,4,4,25,10.0,0.03162277660168379,32,16
780,sample_000780.npz,15,500,1.9766761196927527,4,4,25,10.0,0.03162277660168379,32,16
781,sample_000781.npz,15,500,1.9766761196927527,4,4,25,10.0,0.03162277660168379,32,16
782,sample_000782.npz,15,500,1.9766761196927527,4,4,25,10.0,0.03162277660168379,32,16
783,sample_000783.npz,15,500,1.9766761196927527,4,4,25,10.0,0.03162277660168379,32,16
784,sample_000784.npz,15,500,1.9766761196927527,4,4,25,10.0,0.03162277660168379,32,16
785,sample_000785.npz,15,500,1.9766761196927527,4,4,25,10.0,0.03162277660168379,32,16
786,sample_000786.npz,15,500,1.9766761196927527,4,4,25,10.0,0.03162277660168379,32,16
787,sample_000787.npz,15,500,1.9766761196927527,4,4,25,10.0,0.03162277660168379,32,16
788,sample_000788.npz,15,500,1.9766761196927527,4,4,25,10.0,0.03162277660168379,32,16
789,sample_000789.npz,15,500,1.9766761196927527,4,4,25,10.0,0.03162277660168379,32,16
790,sample_000790.npz,15,500,1.9766761196927527,4,4,25,10.0,0.03162277660168379,32,16
791,sample_000791.npz,15,500,1.9766761196927527,4,4,25,10.0,0.03162277660168379,32,16
792,sample_000792.npz,15,500,1.9766761196927527,4,4,25,10.0,0.03162277660168379,32,16
793,sample_000793.npz,15,500,1.9766761196927527,4,4,25,10.0,0.03162277660168379,32,16
794,sample_000794.npz,15,500,1.9766761196927527,4,4,25,10.0,0.03162277660168379,32,16
795,sample_000795.npz,15,500,1.9766761196927527,4,4,25,10.0,0.03162277660168379,32,16
796,sample_000796.npz,15,500,1.9766761196927527,4,4,25,10.0,0.03162277660168379,32,16
797,sample_000797.npz,15,500,1.9766761196927527,4,4,25,10.0,0.03162277660168379,32,16
798,sample_000798.npz,15,500,1.9766761196927527,4,4,25,10.0,0.03162277660168379,32,16
799,sample_000799.npz,15,500,1.9766761196927527,4,4,25,10.0,0.03162277660168379,32,16
800,sample_000800.npz,20,500,1.9766761196927527,4,4,25,3.1622776601683795,0.01,32,16
801,sample_000801.npz,20,500,1.9766761196927527,4,4,25,3.1622776601683795,0.01,32,16
802,sample_000802.npz,20,500,1.9766761196927527,4,4,25,3.1622776601683795,0.01,32,16
803,sample_000803.npz,20,500,1.9766761196927527,4,4,25,3.1622776601683795,0.01,32,16
804,sample_000804.npz,20,500,1.9766761196927527,4,4,25,3.1622776601683795,0.01,32,16
805,sample_000805.npz,20,500,1.9766761196927527,4,4,25,3.1622776601683795,0.01,32,16
806,sample_000806.npz,20,500,1.9766761196927527,4,4,25,3.1622776601683795,0.01,32,16
807,sample_000807.npz,20,500,1.9766761196927527,4,4,25,3.1622776601683795,0.01,32,16
808,sample_000808.npz,20,500,1.9766761196927527,4,4,25,3.1622776601683795,0.01,32,16
809,sample_000809.npz,20,500,1.9766761196927527,4,4,25,3.1622776601683795,0.01,32,16
810,sample_000810.npz,20,500,1.9766761196927527,4,4,25,3.1622776601683795,0.01,32,16
811,sample_000811.npz,20,500,1.9766761196927527,4,4,25,3.1622776601683795,0.01,32,16
812,sample_000812.npz,20,500,1.9766761196927527,4,4,25,3.1622776601683795,0.01,32,16
813,sample_000813.npz,20,500,1.9766761196927527,4,4,25,3.1622776601683795,0.01,32,16
814,sample_000814.npz,20,500,1.9766761196927527,4,4,25,3.1622776601683795,0.01,32,16
815,sample_000815.npz,20,500,1.9766761196927527,4,4,25,3.1622776601683795,0.01,32,16
816,sample_000816.npz,20,500,1.9766761196927527,4,4,25,3.1622776601683795,0.01,32,16
817,sample_000817.npz,20,500,1.9766761196927527,4,4,25,3.1622776601683795,0.01,32,16
818,sample_000818.npz,20,500,1.9766761196927527,4,4,25,3.1622776601683795,0.01,32,16
819,sample_000819.npz,20,500,1.9766761196927527,4,4,25,3.1622776601683795,0.01,32,16
820,sample_000820.npz,20,500,1.9766761196927527,4,4,25,3.1622776601683795,0.01,32,16
821,sample_000821.npz,20,500,1.9766761196927527,4,4,25,3.1622776601683795,0.01,32,16
822,sample_000822.npz,20,500,1.9766761196927527,4,4,25,3.1622776601683795,0.01,32,16
823,sample_000823.npz,20,500,1.9766761196927527,4,4,25,3.1622776601683795,0.01,32,16
824,sample_000824.npz,20,500,1.9766761196927527,4,4,25,3.1622776601683795,0.01,32,16
825,sample_000825.npz,20,500,1.9766761196927527,4,4,25,3.1622776601683795,0.01,32,16
826,sample_000826.npz,20,500,1.9766761196927527,4,4,25,3.1622776601683795,0.01,32,16
827,sample_000827.npz,20,500,1.9766761196927527,4,4,25,3.1622776601683795,0.01,32,16
828,sample_000828.npz,20,500,1.9766761196927527,4,4,25,3.1622776601683795,0.01,32,16
829,sample_000829.npz,20,500,1.9766761196927527,4,4,25,3.1622776601683795,0.01,32,16
830,sample_000830.npz,20,500,1.9766761196927527,4,4,25,3.1622776601683795,0.01,32,16
831,sample_000831.npz,20,500,1.9766761196927527,4,4,25,3.1622776601683795,0.01,32,16
832,sample_000832.npz,20,500,1.9766761196927527,4,4,25,3.1622776601683795,0.01,32,16
833,sample_000833.npz,20,500,1.9766761196927527,4,4,25,3.1622776601683795,0.01,32,16
834,sample_000834.npz,20,500,1.9766761196927527,4,4,25,3.1622776601683795,0.01,32,16
835,sample_000835.npz,20,500,1.9766761196927527,4,4,25,3.1622776601683795,0.01,32,16
836,sample_000836.npz,20,500,1.9766761196927527,4,4,25,3.1622776601683795,0.01,32,16
837,sample_000837.npz,20,500,1.9766761196927527,4,4,25,3.1622776601683795,0.01,32,16
838,sample_000838.npz,20,500,1.9766761196927527,4,4,25,3.1622776601683795,0.01,32,16
839,sample_000839.npz,20,500,1.9766761196927527,4,4,25,3.1622776601683795,0.01,32,16
840,sample_000840.npz,20,500,1.9766761196927527,4,4,25,3.1622776601683795,0.01,32,16
841,sample_000841.npz,20,500,1.9766761196927527,4,4,25,3.1622776601683795,0.01,32,16
842,sample_000842.npz,20,500,1.9766761196927527,4,4,25,3.1622776601683795,0.01,32,16
843,sample_000843.npz,20,500,1.9766761196927527,4,4,25,3.1622776601683795,0.01,32,16
844,sample_000844.npz,20,500,1.9766761196927527,4,4,25,3.1622776601683795,0.01,32,16
845,sample_000845.npz,20,500,1.9766761196927527,4,4,25,3.1622776601683795,0.01,32,16
846,sample_000846.npz,20,500,1.9766761196927527,4,4,25,3.1622776601683795,0.01,32,16
847,sample_000847.npz,20,500,1.9766761196927527,4,4,25,3.1622776601683795,0.01,32,16
848,sample_000848.npz,20,500,1.9766761196927527,4,4,25,3.1622776601683795,0.01,32,16
849,sample_000849.npz,20,500,1.9766761196927527,4,4,25,3.1622776601683795,0.01,32,16
850,sample_000850.npz,20,500,1.9766761196927527,4,4,25,3.1622776601683795,0.01,32,16
851,sample_000851.npz,20,500,1.9766761196927527,4,4,25,3.1622776601683795,0.01,32,16
852,sample_000852.npz,20,500,1.9766761196927527,4,4,25,3.1622776601683795,0.01,32,16
853,sample_000853.npz,20,500,1.9766761196927527,4,4,25,3.1622776601683795,0.01,32,16
854,sample_000854.npz,20,500,1.9766761196927527,4,4,25,3.1622776601683795,0.01,32,16
855,sample_000855.npz,20,500,1.9766761196927527,4,4,25,3.1622776601683795,0.01,32,16
856,sample_000856.npz,20,500,1.9766761196927527,4,4,25,3.1622776601683795,0.01,32,16
857,sample_000857.npz,20,500,1.9766761196927527,4,4,25,3.1622776601683795,0.01,32,16
858,sample_000858.npz,20,500,1.9766761196927527,4,4,25,3.1622776601683795,0.01,32,16
859,sample_000859.npz,20,500,1.9766761196927527,4,4,25,3.1622776601683795,0.01,32,16
860,sample_000860.npz,20,500,1.9766761196927527,4,4,25,3.1622776601683795,0.01,32,16
861,sample_000861.npz,20,500,1.9766761196927527,4,4,25,3.1622776601683795,0.01,32,16
862,sample_000862.npz,20,500,1.9766761196927527,4,4,25,3.1622776601683795,0.01,32,16
863,sample_000863.npz,20,500,1.9766761196927527,4,4,25,3.1622776601683795,0.01,32,16
864,sample_000864.npz,20,500,1.9766761196927527,4,4,25,3.1622776601683795,0.01,32,16
865,sample_000865.npz,20,500,1.9766761196927527,4,4,25,3.1622776601683795,0.01,32,16
866,sample_000866.npz,20,500,1.9766761196927527,4,4,25,3.1622776601683795,0.01,32,16
867,sample_000867.npz,20,500,1.9766761196927527,4,4,25,3.1622776601683795,0.01,32,16
868,sample_000868.npz,20,500,1.9766761196927527,4,4,25,3.1622776601683795,0.01,32,16
869,sample_000869.npz,20,500,1.9766761196927527,4,4,25,3.1622776601683795,0.01,32,16
870,sample_000870.npz,20,500,1.9766761196927527,4,4,25,3.1622776601683795,0.01,32,16
871,sample_000871.npz,20,500,1.9766761196927527,4,4,25,3.1622776601683795,0.01,32,16
872,sample_000872.npz,20,500,1.9766761196927527,4,4,25,3.1622776601683795,0.01,32,16
873,sample_000873.npz,20,500,1.9766761196927527,4,4,25,3.1622776601683795,0.01,32,16
874,sample_000874.npz,20,500,1.9766761196927527,4,4,25,3.1622776601683795,0.01,32,16
875,sample_000875.npz,20,500,1.9766761196927527,4,4,25,3.1622776601683795,0.01,32,16
876,sample_000876.npz,20,500,1.9766761196927527,4,4,25,3.1622776601683795,0.01,32,16
877,sample_000877.npz,20,500,1.9766761196927527,4,4,25,3.1622776601683795,0.01,32,16
878,sample_000878.npz,20,500,1.9766761196927527,4,4,25,3.1622776601683795,0.01,32,16
879,sample_000879.npz,20,500,1.9766761196927527,4,4,25,3.1622776601683795,0.01,32,16
880,sample_000880.npz,20,500,1.9766761196927527,4,4,25,3.1622776601683795,0.01,32,16
881,sample_000881.npz,20,500,1.9766761196927527,4,4,25,3.1622776601683795,0.01,32,16
882,sample_000882.npz,20,500,1.9766761196927527,4,4,25,3.1622776601683795,0.01,32,16
883,sample_000883.npz,20,500,1.9766761196927527,4,4,25,3.1622776601683795,0.01,32,16
884,sample_000884.npz,20,500,1.9766761196927527,4,4,25,3.1622776601683795,0.01,32,16
885,sample_000885.npz,20,500,1.9766761196927527,4,4,25,3.1622776601683795,0.01,32,16
886,sample_000886.npz,20,500,1.9766761196927527,4,4,25,3.1622776601683795,0.01,32,16
887,sample_000887.npz,20,500,1.9766761196927527,4,4,25,3.1622776601683795,0.01,32,16
888,sample_000888.npz,20,500,1.9766761196927527,4,4,25,3.1622776601683795,0.01,32,16
889,sample_000889.npz,20,500,1.9766761196927527,4,4,25,3.1622776601683795,0.01,32,16
890,sample_000890.npz,20,500,1.9766761196927527,4,4,25,3.1622776601683795,0.01,32,16
891,sample_000891.npz,20,500,1.9766761196927527,4,4,25,3.1622776601683795,0.01,32,16
892,sample_000892.npz,20,500,1.9766761196927527,4,4,25,3.1622776601683795,0.01,32,16
893,sample_000893.npz,20,500,1.9766761196927527,4,4,25,3.1622776601683795,0.01,32,16
894,sample_000894.npz,20,500,1.9766761196927527,4,4,25,3.1622776601683795,0.01,32,16
895,sample_000895.npz,20,500,1.9766761196927527,4,4,25,3.1622776601683795,0.01,32,16
896,sample_000896.npz,20,500,1.9766761196927527,4,4,25,3.1622776601683795,0.01,32,16
897,sample_000897.npz,20,500,1.9766761196927527,4,4,25,3.1622776601683795,0.01,32,16
898,sample_000898.npz,20,500,1.9766761196927527,4,4,25,3.1622776601683795,0.01,32,16
899,sample_000899.npz,20,500,1.9766761196927527,4,4,25,3.1622776601683795,0.01,32,16
