sample_index,snr_db,velocity_kmh,ber,ser,nmse,initialization
0,10,30,0.04755434782608696,0.09239130434782608,0.15172307193279266,neutral_zero
1,10,30,0.005434782608695652,0.010869565217391304,0.02426348812878132,neutral_zero
2,10,30,0.020380434782608696,0.04076086956521739,0.07073992490768433,neutral_zero
3,10,30,0.057065217391304345,0.10869565217391304,0.1663142889738083,neutral_zero
4,10,30,0.029891304347826088,0.057065217391304345,0.07828111201524734,neutral_zero
5,10,30,0.10733695652173914,0.20380434782608695,0.31122106313705444,neutral_zero
6,10,30,0.07880434782608696,0.14945652173913043,0.24235031008720398,neutral_zero
7,10,30,0.13043478260869565,0.2418478260869565,0.39679667353630066,neutral_zero
8,10,30,0.06929347826086957,0.1358695652173913,0.20290645956993103,neutral_zero
9,10,30,0.13858695652173914,0.2554347826086957,0.3981376588344574,neutral_zero
10,10,30,0.05434782608695652,0.10326086956521739,0.1845284104347229,neutral_zero
11,10,30,0.07336956521739131,0.14402173913043478,0.2168337106704712,neutral_zero
12,10,30,0.10733695652173914,0.1983695652173913,0.32014843821525574,neutral_zero
13,10,30,0.09103260869565218,0.16576086956521738,0.2878607213497162,neutral_zero
14,10,30,0.001358695652173913,0.002717391304347826,0.006664705462753773,neutral_zero
15,15,30,0.029891304347826088,0.057065217391304345,0.0944799929857254,neutral_zero
16,15,30,0.07336956521739131,0.14402173913043478,0.22692584991455078,neutral_zero
17,15,30,0.029891304347826088,0.057065217391304345,0.08501047641038895,neutral_zero
18,15,30,0.001358695652173913,0.002717391304347826,0.00653387326747179,neutral_zero
19,15,30,0.020380434782608696,0.04076086956521739,0.06579876691102982,neutral_zero
20,15,30,0.15353260869565216,0.28532608695652173,0.40758970379829407,neutral_zero
21,15,30,0.019021739130434784,0.03804347826086957,0.051750633865594864,neutral_zero
22,15,30,0.024456521739130436,0.04891304347826087,0.07992047816514969,neutral_zero
23,15,30,0.004076086956521739,0.008152173913043478,0.007682702504098415,neutral_zero
24,15,30,0.04483695652173913,0.08423913043478261,0.14442282915115356,neutral_zero
25,15,30,0.042119565217391304,0.07880434782608696,0.12427175790071487,neutral_zero
26,15,30,0.08695652173913043,0.17119565217391305,0.2664169371128082,neutral_zero
27,15,30,0.019021739130434784,0.035326086956521736,0.05554193630814552,neutral_zero
28,15,30,0.09103260869565218,0.17391304347826086,0.2661030888557434,neutral_zero
29,15,30,0.004076086956521739,0.008152173913043478,0.008547566831111908,neutral_zero
30,20,30,0.014945652173913044,0.029891304347826088,0.055792879313230515,neutral_zero
31,20,30,0.024456521739130436,0.04619565217391304,0.06449149549007416,neutral_zero
32,20,30,0.050271739130434784,0.10054347826086957,0.15834806859493256,neutral_zero
33,20,30,0.051630434782608696,0.10054347826086957,0.16603827476501465,neutral_zero
34,20,30,0.009510869565217392,0.019021739130434784,0.03641536459326744,neutral_zero
35,20,30,0.021739130434782608,0.043478260869565216,0.06690797954797745,neutral_zero
36,20,30,0.024456521739130436,0.04891304347826087,0.0898895263671875,neutral_zero
37,20,30,0.002717391304347826,0.005434782608695652,0.01121368445456028,neutral_zero
38,20,30,0.012228260869565218,0.024456521739130436,0.03712956979870796,neutral_zero
39,20,30,0.12228260869565218,0.23641304347826086,0.3504216969013214,neutral_zero
40,20,30,0.0,0.0,0.0010102249216288328,neutral_zero
41,20,30,0.020380434782608696,0.04076086956521739,0.06023213639855385,neutral_zero
42,20,30,0.059782608695652176,0.11684782608695653,0.1927916705608368,neutral_zero
43,20,30,0.009510869565217392,0.019021739130434784,0.035405322909355164,neutral_zero
44,20,30,0.014945652173913044,0.029891304347826088,0.04113117232918739,neutral_zero
45,10,120,0.020380434782608696,0.03804347826086957,0.07214329391717911,neutral_zero
46,10,120,0.02717391304347826,0.051630434782608696,0.08463555574417114,neutral_zero
47,10,120,0.11005434782608696,0.20652173913043478,0.31710609793663025,neutral_zero
48,10,120,0.07608695652173914,0.14402173913043478,0.2125285416841507,neutral_zero
49,10,120,0.12635869565217392,0.2391304347826087,0.3880668580532074,neutral_zero
50,10,120,0.05298913043478261,0.10597826086956522,0.16308821737766266,neutral_zero
51,10,120,0.024456521739130436,0.04891304347826087,0.07723848521709442,neutral_zero
52,10,120,0.009510869565217392,0.019021739130434784,0.027264893054962158,neutral_zero
53,10,120,0.058423913043478264,0.11684782608695653,0.18164876103401184,neutral_zero
54,10,120,0.03260869565217391,0.06521739130434782,0.0970068871974945,neutral_zero
55,10,120,0.021739130434782608,0.043478260869565216,0.0668599009513855,neutral_zero
56,10,120,0.005434782608695652,0.010869565217391304,0.025105945765972137,neutral_zero
57,10,120,0.125,0.22826086956521738,0.3397522568702698,neutral_zero
58,10,120,0.002717391304347826,0.005434782608695652,0.010222853161394596,neutral_zero
59,10,120,0.050271739130434784,0.09782608695652174,0.16520142555236816,neutral_zero
60,15,120,0.042119565217391304,0.08423913043478261,0.1410188525915146,neutral_zero
61,15,120,0.14130434782608695,0.25815217391304346,0.40683916211128235,neutral_zero
62,15,120,0.04619565217391304,0.08695652173913043,0.13610762357711792,neutral_zero
63,15,120,0.05434782608695652,0.10597826086956522,0.1549225151538849,neutral_zero
64,15,120,0.033967391304347824,0.0625,0.11298709362745285,neutral_zero
65,15,120,0.050271739130434784,0.10054347826086957,0.1477266252040863,neutral_zero
66,15,120,0.017663043478260868,0.035326086956521736,0.04863075911998749,neutral_zero
67,15,120,0.06793478260869565,0.1331521739130435,0.21939067542552948,neutral_zero
68,15,120,0.043478260869565216,0.08423913043478261,0.12202952057123184,neutral_zero
69,15,120,0.23777173913043478,0.4320652173913043,0.6454930305480957,neutral_zero
70,15,120,0.021739130434782608,0.043478260869565216,0.07391084730625153,neutral_zero
71,15,120,0.01358695652173913,0.024456521739130436,0.03364909067749977,neutral_zero
72,15,120,0.058423913043478264,0.11684782608695653,0.18261466920375824,neutral_zero
73,15,120,0.033967391304347824,0.06793478260869565,0.08826063573360443,neutral_zero
74,15,120,0.04483695652173913,0.08967391304347826,0.13847580552101135,neutral_zero
75,20,120,0.005434782608695652,0.010869565217391304,0.022383136674761772,neutral_zero
76,20,120,0.012228260869565218,0.024456521739130436,0.03810820356011391,neutral_zero
77,20,120,0.02309782608695652,0.04619565217391304,0.0708807110786438,neutral_zero
78,20,120,0.03125,0.0625,0.09965018182992935,neutral_zero
79,20,120,0.03260869565217391,0.0625,0.1014874204993248,neutral_zero
80,20,120,0.010869565217391304,0.021739130434782608,0.03785082325339317,neutral_zero
81,20,120,0.03260869565217391,0.0625,0.10470735281705856,neutral_zero
82,20,120,0.057065217391304345,0.10326086956521739,0.15616688132286072,neutral_zero
83,20,120,0.006793478260869565,0.01358695652173913,0.03255102038383484,neutral_zero
84,20,120,0.01358695652173913,0.02717391304347826,0.047343481332063675,neutral_zero
85,20,120,0.029891304347826088,0.059782608695652176,0.09245319664478302,neutral_zero
86,20,120,0.01358695652173913,0.02717391304347826,0.0447690524160862,neutral_zero
87,20,120,0.035326086956521736,0.06793478260869565,0.10173177719116211,neutral_zero
88,20,120,0.009510869565217392,0.019021739130434784,0.03859256953001022,neutral_zero
89,20,120,0.058423913043478264,0.11413043478260869,0.1849120557308197,neutral_zero
90,10,500,0.017663043478260868,0.035326086956521736,0.05580312758684158,neutral_zero
91,10,500,0.008152173913043478,0.016304347826086956,0.029322417452931404,neutral_zero
92,10,500,0.06521739130434782,0.125,0.20748546719551086,neutral_zero
93,10,500,0.09103260869565218,0.1766304347826087,0.26770466566085815,neutral_zero
94,10,500,0.033967391304347824,0.06793478260869565,0.10525542497634888,neutral_zero
95,10,500,0.02309782608695652,0.04619565217391304,0.07172834128141403,neutral_zero
96,10,500,0.029891304347826088,0.059782608695652176,0.10214032232761383,neutral_zero
97,10,500,0.05434782608695652,0.10597826086956522,0.17159399390220642,neutral_zero
98,10,500,0.0625,0.12228260869565218,0.17953693866729736,neutral_zero
99,10,500,0.08831521739130435,0.17391304347826086,0.2739047706127167,neutral_zero
100,10,500,0.12228260869565218,0.23097826086956522,0.3628217279911041,neutral_zero
101,10,500,0.08695652173913043,0.16847826086956522,0.2581537365913391,neutral_zero
102,10,500,0.02717391304347826,0.051630434782608696,0.09454060345888138,neutral_zero
103,10,500,0.043478260869565216,0.08695652173913043,0.12404826283454895,neutral_zero
104,10,500,0.04755434782608696,0.09239130434782608,0.14598791301250458,neutral_zero
105,15,500,0.06521739130434782,0.13043478260869565,0.19425447285175323,neutral_zero
106,15,500,0.028532608695652172,0.057065217391304345,0.11742665618658066,neutral_zero
107,15,500,0.028532608695652172,0.057065217391304345,0.09519296139478683,neutral_zero
108,15,500,0.02717391304347826,0.05434782608695652,0.08619100600481033,neutral_zero
109,15,500,0.0,0.0,0.0029515069909393787,neutral_zero
110,15,500,0.0,0.0,0.003750822739675641,neutral_zero
111,15,500,0.012228260869565218,0.024456521739130436,0.035464923828840256,neutral_zero
112,15,500,0.002717391304347826,0.005434782608695652,0.009986487217247486,neutral_zero
113,15,500,0.050271739130434784,0.09782608695652174,0.14787575602531433,neutral_zero
114,15,500,0.05298913043478261,0.10326086956521739,0.1556699275970459,neutral_zero
115,15,500,0.13722826086956522,0.26358695652173914,0.391625314950943,neutral_zero
116,15,500,0.042119565217391304,0.07880434782608696,0.1347195953130722,neutral_zero
117,15,500,0.004076086956521739,0.008152173913043478,0.020890457555651665,neutral_zero
118,15,500,0.006793478260869565,0.01358695652173913,0.021464239805936813,neutral_zero
119,15,500,0.012228260869565218,0.024456521739130436,0.041558876633644104,neutral_zero
120,20,500,0.036684782608695655,0.07065217391304347,0.1225421354174614,neutral_zero
121,20,500,0.012228260869565218,0.024456521739130436,0.03008176200091839,neutral_zero
122,20,500,0.008152173913043478,0.016304347826086956,0.030872074887156487,neutral_zero
123,20,500,0.025815217391304348,0.051630434782608696,0.08591903746128082,neutral_zero
124,20,500,0.005434782608695652,0.010869565217391304,0.020883189514279366,neutral_zero
125,20,500,0.04891304347826087,0.09510869565217392,0.15135280787944794,neutral_zero
126,20,500,0.025815217391304348,0.051630434782608696,0.07061909884214401,neutral_zero
127,20,500,0.03940217391304348,0.07608695652173914,0.1204131692647934,neutral_zero
128,20,500,0.004076086956521739,0.008152173913043478,0.013910281471908092,neutral_zero
129,20,500,0.029891304347826088,0.057065217391304345,0.0905720517039299,neutral_zero
130,20,500,0.006793478260869565,0.01358695652173913,0.024936573579907417,neutral_zero
131,20,500,0.0,0.0,0.0030200821347534657,neutral_zero
132,20,500,0.0,0.0,0.0029525477439165115,neutral_zero
133,20,500,0.04076086956521739,0.08152173913043478,0.13593699038028717,neutral_zero
134,20,500,0.001358695652173913,0.002717391304347826,0.004507705103605986,neutral_zero
