initialization,snr_db,velocity_kmh,samples,gnn_ber,gnn_ser,gnn_nmse,oamp_dl_ber,oamp_dl_ser,oamp_dl_nmse,beats_oamp_dl_all_metrics
neutral_zero,10,30,15,0.06748188405797101,0.12735507246376812,0.20391800248374542,0.059963768115942,0.1150362318840579,0.1876097726073292,False
neutral_zero,10,120,15,0.04954710144927536,0.09474637681159419,0.14852466490119695,0.0426630434782608,0.0820652173913043,0.1295584565438272,False
neutral_zero,10,500,15,0.05344202898550724,0.10398550724637681,0.1633351809034745,0.0465579710144927,0.0902173913043478,0.142318435646105,False
neutral_zero,15,30,15,0.04293478260869566,0.0822463768115942,0.12606643959879876,0.0329710144927536,0.0632246376811594,0.1059572222112087,False
neutral_zero,15,120,15,0.060507246376811596,0.11503623188405795,0.17680379375815392,0.0476449275362318,0.0905797101449275,0.1404902984936083,False
neutral_zero,15,500,15,0.03134057971014493,0.06123188405797101,0.09726820033974945,0.0217391304347826,0.0427536231884058,0.0674117406456838,False
neutral_zero,20,30,15,0.029257246376811596,0.05742753623188406,0.09114793779638906,0.0222826086956521,0.0427536231884057,0.0702480616151391,False
neutral_zero,20,120,15,0.024818840579710146,0.04818840579710145,0.07823919095098972,0.0130434782608695,0.0251811594202898,0.0411460137288942,False
neutral_zero,20,500,15,0.01902173913043478,0.03731884057971014,0.06056796715905269,0.0097826086956521,0.0192028985507246,0.030968977744363,False
