sample_index,mmse_ber,mmse_ser,mmse_nmse,informed_ber,informed_ser,informed_nmse
0,0.08695652173913043,0.16847826086956522,0.3710911220661528,0.08695652173913043,0.17119565217391305,0.3705507107024532
1,0.02309782608695652,0.04619565217391304,0.17048525295727515,0.024456521739130436,0.04891304347826087,0.17360239802910027
2,0.051630434782608696,0.10326086956521739,0.32606375065493787,0.051630434782608696,0.10326086956521739,0.32760069649331675
3,0.04891304347826087,0.09239130434782608,0.28205688801502127,0.04483695652173913,0.08695652173913043,0.28379598093777636
4,0.04076086956521739,0.07880434782608696,0.30158261700528183,0.04619565217391304,0.08695652173913043,0.30165009599081666
5,0.09510869565217392,0.18478260869565216,0.4117633522536238,0.09375,0.18206521739130435,0.41536383686506734
6,0.08831521739130435,0.16576086956521738,0.3749235698328833,0.09103260869565218,0.17119565217391305,0.3760414752334326
7,0.14673913043478262,0.27445652173913043,0.47669219684273967,0.14266304347826086,0.266304347826087,0.47673158150809847
8,0.08152173913043478,0.15760869565217392,0.33725242495916596,0.08152173913043478,0.15760869565217392,0.34138782794370853
9,0.15353260869565216,0.28532608695652173,0.491379807851657,0.1480978260869565,0.2798913043478261,0.49718901253777126
10,0.08967391304347826,0.17119565217391305,0.3626158910813333,0.09103260869565218,0.17391304347826086,0.3613451061764849
11,0.09782608695652174,0.1875,0.4144178975423401,0.10461956521739131,0.1983695652173913,0.414897606328185
12,0.12364130434782608,0.22826086956521738,0.44536355116809057,0.12771739130434784,0.23641304347826086,0.4478409338883542
13,0.12092391304347826,0.22826086956521738,0.46102537555345896,0.12635869565217392,0.24456521739130435,0.4628683037640899
14,0.001358695652173913,0.002717391304347826,0.11114772131154718,0.001358695652173913,0.002717391304347826,0.11212554306165451
15,0.04891304347826087,0.09782608695652174,0.275168473025712,0.04619565217391304,0.09239130434782608,0.2761950904372011
16,0.09782608695652174,0.18478260869565216,0.46535973198075575,0.09510869565217392,0.1766304347826087,0.4661754899385383
17,0.04755434782608696,0.09510869565217392,0.2960402484912828,0.050271739130434784,0.10054347826086957,0.2988616174855281
18,0.016304347826086956,0.03260869565217391,0.227130194898729,0.019021739130434784,0.035326086956521736,0.23072731790421272
19,0.028532608695652172,0.057065217391304345,0.2201209355127414,0.03125,0.0625,0.21784644341328135
20,0.15217391304347827,0.2826086956521739,0.5493975150311657,0.15353260869565216,0.28804347826086957,0.5498070532654082
21,0.033967391304347824,0.06793478260869565,0.276962469105839,0.033967391304347824,0.06793478260869565,0.2778944848831291
22,0.035326086956521736,0.06521739130434782,0.2808765823718825,0.03940217391304348,0.07608695652173914,0.28204748252597306
23,0.029891304347826088,0.059782608695652176,0.23535762876063268,0.03125,0.0625,0.2375256274267992
24,0.08016304347826086,0.15217391304347827,0.4219419180803777,0.07608695652173914,0.14402173913043478,0.42410762016415937
25,0.06657608695652174,0.11956521739130435,0.3422850984356501,0.06793478260869565,0.11956521739130435,0.3433928302603693
26,0.13451086956521738,0.23641304347826086,0.5839806659241591,0.1331521739130435,0.23369565217391305,0.5827628569585547
27,0.025815217391304348,0.051630434782608696,0.20278427775226612,0.028532608695652172,0.057065217391304345,0.20545128978752808
28,0.10461956521739131,0.1956521739130435,0.6174998987496176,0.10054347826086957,0.1875,0.6155794716475818
29,0.01358695652173913,0.02717391304347826,0.18442516421786317,0.014945652173913044,0.029891304347826088,0.18891129075985624
30,0.02309782608695652,0.04619565217391304,0.2322453306602915,0.02309782608695652,0.04619565217391304,0.2355235771655705
31,0.06657608695652174,0.13043478260869565,0.46385151493055055,0.07065217391304347,0.13858695652173914,0.4689495332647899
32,0.09239130434782608,0.18206521739130435,0.4698869595949845,0.09239130434782608,0.18206521739130435,0.47305710054406463
33,0.06657608695652174,0.13043478260869565,0.357847557527641,0.06114130434782609,0.11956521739130435,0.3593482759436771
34,0.03940217391304348,0.07608695652173914,0.302472667033931,0.03804347826086957,0.07336956521739131,0.30541574835545193
35,0.04076086956521739,0.07880434782608696,0.30272544458726847,0.042119565217391304,0.08152173913043478,0.3055541981581458
36,0.13451086956521738,0.25,0.8949260878898194,0.13451086956521738,0.25,0.89520377373776
37,0.02309782608695652,0.043478260869565216,0.19996383790017183,0.021739130434782608,0.04076086956521739,0.1986578773894094
38,0.029891304347826088,0.057065217391304345,0.25063436956671437,0.033967391304347824,0.06521739130434782,0.2555925384136858
39,0.1480978260869565,0.2717391304347826,0.5881353286054816,0.14945652173913043,0.27445652173913043,0.586261493394082
40,0.016304347826086956,0.03260869565217391,0.2003947282923951,0.017663043478260868,0.035326086956521736,0.20119212768337008
41,0.12228260869565218,0.22282608695652173,0.7909686630317181,0.11820652173913043,0.21739130434782608,0.7938093528128014
42,0.09646739130434782,0.18206521739130435,0.4146221520729541,0.09375,0.18206521739130435,0.4119840505291381
43,0.036684782608695655,0.07065217391304347,0.27054018508328603,0.03804347826086957,0.07336956521739131,0.27421417105315
44,0.009510869565217392,0.019021739130434784,0.1635718719713758,0.010869565217391304,0.021739130434782608,0.16503033643606022
45,0.03260869565217391,0.06521739130434782,0.21479414441251146,0.033967391304347824,0.06521739130434782,0.21662233022566663
46,0.050271739130434784,0.09782608695652174,0.30633558730610705,0.05298913043478261,0.10326086956521739,0.30810786252698813
47,0.12364130434782608,0.2418478260869565,0.4496854448289446,0.125,0.24456521739130435,0.45145480615491357
48,0.08152173913043478,0.14945652173913043,0.35246173613707593,0.08152173913043478,0.15217391304347827,0.35236483816133496
49,0.125,0.2418478260869565,0.45146749091241273,0.125,0.2391304347826087,0.4523161379208339
50,0.059782608695652176,0.11413043478260869,0.3389292243803914,0.06114130434782609,0.11684782608695653,0.3408371428924958
51,0.04891304347826087,0.09782608695652174,0.26370495377049596,0.04891304347826087,0.09782608695652174,0.2667457852340602
52,0.014945652173913044,0.029891304347826088,0.17873153887932672,0.016304347826086956,0.03260869565217391,0.18146032043369822
53,0.07065217391304347,0.1358695652173913,0.3842309799117456,0.07201086956521739,0.13858695652173914,0.386610614405498
54,0.10054347826086957,0.19021739130434784,0.4134232412208595,0.09646739130434782,0.18478260869565216,0.40841135030366116
55,0.06521739130434782,0.13043478260869565,0.37045877666222277,0.059782608695652176,0.11956521739130435,0.3753406644385135
56,0.012228260869565218,0.024456521739130436,0.16679296683419514,0.012228260869565218,0.024456521739130436,0.167848287489594
57,0.12092391304347826,0.22010869565217392,0.49366549046260993,0.12907608695652173,0.2391304347826087,0.49405812133463817
58,0.017663043478260868,0.035326086956521736,0.19977125599898354,0.01358695652173913,0.02717391304347826,0.19727735904389476
59,0.10869565217391304,0.20652173913043478,0.5159223972561351,0.11141304347826086,0.21467391304347827,0.5172461175425798
60,0.08559782608695653,0.17119565217391305,0.4969409075918835,0.08288043478260869,0.16576086956521738,0.49608805991365856
61,0.12635869565217392,0.2418478260869565,0.5180561666215278,0.12228260869565218,0.23369565217391305,0.5161579105656855
62,0.05434782608695652,0.10597826086956522,0.2812971936103787,0.05570652173913043,0.10869565217391304,0.2864465236623575
63,0.05298913043478261,0.10597826086956522,0.3080382289954242,0.05570652173913043,0.11141304347826086,0.3103621664546648
64,0.05570652173913043,0.11141304347826086,0.33790602216365867,0.05434782608695652,0.10597826086956522,0.33899785240717983
65,0.09375,0.1793478260869565,0.4395432132889279,0.09375,0.1793478260869565,0.4428889364550089
66,0.04076086956521739,0.07608695652173914,0.2855125937741219,0.042119565217391304,0.07880434782608696,0.2896580764690187
67,0.07065217391304347,0.13858695652173914,0.33912474216217203,0.07472826086956522,0.14673913043478262,0.3412630203048353
68,0.059782608695652176,0.11956521739130435,0.3573995646340267,0.0625,0.125,0.36107860061536456
69,0.21739130434782608,0.38858695652173914,0.7102374284008175,0.21467391304347827,0.38315217391304346,0.7078404275642566
70,0.01358695652173913,0.02717391304347826,0.1846594379369354,0.017663043478260868,0.035326086956521736,0.18650181037667055
71,0.019021739130434784,0.03804347826086957,0.1990155303453998,0.020380434782608696,0.04076086956521739,0.20086901269310928
72,0.08016304347826086,0.15217391304347827,0.4324119766606827,0.07880434782608696,0.14945652173913043,0.42915539528470836
73,0.07608695652173914,0.14673913043478262,0.5332943939394308,0.08016304347826086,0.15489130434782608,0.5309290815053734
74,0.04891304347826087,0.09782608695652174,0.2641822411504286,0.04755434782608696,0.09510869565217392,0.2672965318573101
75,0.04891304347826087,0.09510869565217392,0.3397787718346906,0.04619565217391304,0.08967391304347826,0.34038454079169156
76,0.014945652173913044,0.029891304347826088,0.16202677582474365,0.014945652173913044,0.029891304347826088,0.16312989526883984
77,0.025815217391304348,0.051630434782608696,0.24638326202665123,0.028532608695652172,0.057065217391304345,0.25318450701366907
78,0.051630434782608696,0.10054347826086957,0.3572638936255955,0.050271739130434784,0.09510869565217392,0.357277752115948
79,0.051630434782608696,0.10326086956521739,0.3664036513569409,0.04483695652173913,0.08967391304347826,0.3702346029799654
80,0.03940217391304348,0.07608695652173914,0.357654204507541,0.04076086956521739,0.07608695652173914,0.36360147740968907
81,0.06929347826086957,0.125,0.3872135090989676,0.06793478260869565,0.12228260869565218,0.38689345894750127
82,0.10869565217391304,0.1983695652173913,0.5419750699100487,0.10869565217391304,0.20108695652173914,0.5444825230742179
83,0.07880434782608696,0.14673913043478262,0.5224137448694918,0.08423913043478261,0.15489130434782608,0.5291098533851626
84,0.028532608695652172,0.05434782608695652,0.22834651714237528,0.029891304347826088,0.057065217391304345,0.22708148973433873
85,0.15081521739130435,0.27717391304347827,0.9401785308517955,0.15081521739130435,0.27445652173913043,0.9426675214082598
86,0.043478260869565216,0.08695652173913043,0.28771055835313136,0.043478260869565216,0.08695652173913043,0.29392635383029647
87,0.057065217391304345,0.10597826086956522,0.3463701168730054,0.05434782608695652,0.10597826086956522,0.3413914306727757
88,0.06657608695652174,0.11956521739130435,0.3800812501864272,0.06385869565217392,0.11684782608695653,0.38407082365974
89,0.12907608695652173,0.2418478260869565,0.9208236709157992,0.12771739130434784,0.2391304347826087,0.9226952928565891
90,0.07472826086956522,0.14673913043478262,0.3139785214210196,0.07201086956521739,0.14130434782608695,0.3125934981427828
91,0.012228260869565218,0.024456521739130436,0.1836358963057035,0.01358695652173913,0.02717391304347826,0.18383877850629285
92,0.08559782608695653,0.15489130434782608,0.37714130324809253,0.08559782608695653,0.15489130434782608,0.3789253917008369
93,0.10461956521739131,0.19021739130434784,0.4419943279215752,0.10326086956521739,0.1875,0.44757837180106597
94,0.03125,0.0625,0.23332916384920901,0.036684782608695655,0.07065217391304347,0.23678471457330752
95,0.025815217391304348,0.04891304347826087,0.21154353104992413,0.021739130434782608,0.04076086956521739,0.21313892800546502
96,0.058423913043478264,0.11684782608695653,0.3404457132781306,0.059782608695652176,0.11684782608695653,0.3439411346241398
97,0.06793478260869565,0.13043478260869565,0.34296580779198493,0.07065217391304347,0.1358695652173913,0.3484969379291546
98,0.07608695652173914,0.14945652173913043,0.37463698055248384,0.07608695652173914,0.14945652173913043,0.37611544668540686
99,0.11277173913043478,0.20923913043478262,0.48529195903153877,0.11413043478260869,0.21467391304347827,0.4879258144414454
100,0.11820652173913043,0.22554347826086957,0.42634474586099297,0.11684782608695653,0.22282608695652173,0.4250878080539728
101,0.10597826086956522,0.1983695652173913,0.4215364720907198,0.10733695652173914,0.20108695652173914,0.4223962011376493
102,0.043478260869565216,0.08423913043478261,0.25214806033712384,0.04891304347826087,0.09510869565217392,0.25399927206020934
103,0.058423913043478264,0.11413043478260869,0.27310099524836223,0.05434782608695652,0.10869565217391304,0.27712505048189084
104,0.06114130434782609,0.12228260869565218,0.30298317227051463,0.0625,0.12228260869565218,0.30058143983340024
105,0.10461956521739131,0.20380434782608695,0.43263222494661924,0.10461956521739131,0.20380434782608695,0.4283914369619666
106,0.025815217391304348,0.051630434782608696,0.22765330050055727,0.02717391304347826,0.05434782608695652,0.22972580548941285
107,0.09375,0.1793478260869565,0.5276076126327205,0.08831521739130435,0.17119565217391305,0.5235723612998002
108,0.06114130434782609,0.12228260869565218,0.38975612613512245,0.0625,0.12228260869565218,0.3922167562764132
109,0.021739130434782608,0.043478260869565216,0.21679874023860454,0.021739130434782608,0.043478260869565216,0.21965111890663822
110,0.036684782608695655,0.07336956521739131,0.2341583320632914,0.03125,0.0625,0.23218698037246008
111,0.033967391304347824,0.06521739130434782,0.24159983501400462,0.03260869565217391,0.0625,0.2453717407272264
112,0.009510869565217392,0.019021739130434784,0.18017716590181315,0.012228260869565218,0.024456521739130436,0.18167884365059897
113,0.057065217391304345,0.10869565217391304,0.3042361312399278,0.058423913043478264,0.11141304347826086,0.306471828088043
114,0.08152173913043478,0.16032608695652173,0.5102857379247624,0.08152173913043478,0.16032608695652173,0.5096745775898551
115,0.16304347826086957,0.3016304347826087,0.645730346558065,0.16168478260869565,0.296195652173913,0.6463682270120594
116,0.06657608695652174,0.12771739130434784,0.4155739424226298,0.07201086956521739,0.13858695652173914,0.4182577511941163
117,0.06114130434782609,0.12228260869565218,0.3499467703303157,0.06114130434782609,0.12228260869565218,0.35099136345417115
118,0.07472826086956522,0.14945652173913043,0.42173332162335536,0.07608695652173914,0.15217391304347827,0.42098984515357746
119,0.07608695652173914,0.14945652173913043,0.43193944485581065,0.08152173913043478,0.16032608695652173,0.4335610719432543
120,0.025815217391304348,0.051630434782608696,0.2935297624190272,0.02717391304347826,0.05434782608695652,0.293751236978751
121,0.029891304347826088,0.059782608695652176,0.2946795794467867,0.025815217391304348,0.051630434782608696,0.2991337398920887
122,0.04076086956521739,0.08152173913043478,0.30670835672185554,0.042119565217391304,0.08423913043478261,0.3096480863624443
123,0.08967391304347826,0.17119565217391305,0.4725655456774341,0.08967391304347826,0.17391304347826086,0.4710132604760615
124,0.04483695652173913,0.08967391304347826,0.5046154712858337,0.04076086956521739,0.08152173913043478,0.5079281650552565
125,0.13451086956521738,0.24728260869565216,0.8216784007765205,0.1358695652173913,0.25271739130434784,0.8257798893372101
126,0.125,0.23641304347826086,0.6037950881955618,0.125,0.23097826086956522,0.6139810882827331
127,0.04755434782608696,0.09510869565217392,0.25066291178608396,0.04483695652173913,0.08967391304347826,0.25084925369153926
128,0.03940217391304348,0.07608695652173914,0.3055936340656821,0.03804347826086957,0.07336956521739131,0.3125536127097723
129,0.09239130434782608,0.1793478260869565,0.532290465150514,0.08967391304347826,0.17391304347826086,0.5298025180703017
130,0.005434782608695652,0.010869565217391304,0.12182652645771272,0.004076086956521739,0.008152173913043478,0.1215793265922424
131,0.08152173913043478,0.16304347826086957,0.48305767535565713,0.08288043478260869,0.16576086956521738,0.47884531047705536
132,0.002717391304347826,0.005434782608695652,0.11555149329941206,0.002717391304347826,0.005434782608695652,0.11732394528815523
133,0.059782608695652176,0.11684782608695653,0.3954320136006184,0.0625,0.12228260869565218,0.3973986729592932
134,0.001358695652173913,0.002717391304347826,0.10776965912440907,0.0,0.0,0.10740565166955049
