step,data_loss,anchor_loss,total_loss
1,0.1603323519229889,0.0,0.1603323519229889
2,0.16032692790031433,1.0004141959285562e-09,0.16032692790031433
3,0.16032147407531738,4.000745956744822e-09,0.16032147407531738
4,0.16031605005264282,8.997809608501939e-09,0.16031606495380402
5,0.16031065583229065,1.5987621893032156e-08,0.16031067073345184
6,0.16030527651309967,2.4963744849060276e-08,0.16030530631542206
7,0.16029991209506989,3.591632236066289e-08,0.16029994189739227
8,0.1602945625782013,4.883234083763455e-08,0.16029460728168488
9,0.1602892279624939,6.369424454533146e-08,0.16028928756713867
10,0.16028393805027008,8.048281330275131e-08,0.16028401255607605
11,0.16027867794036865,9.917073384713149e-08,0.160278782248497
12,0.16027343273162842,1.1972620939104672e-07,0.16027355194091797
13,0.16026823222637177,1.4211275356501574e-07,0.1602683812379837
14,0.1602630764245987,1.662934039359243e-07,0.16026324033737183
15,0.160257950425148,1.9222848379740753e-07,0.16025814414024353
16,0.16025283932685852,2.1988573450926197e-07,0.16025306284427643
17,0.1602478176355362,2.4924185026975465e-07,0.1602480709552765
18,0.16024279594421387,2.802865424200718e-07,0.16024307906627655
19,0.1602378487586975,3.1301894409807574e-07,0.16023816168308258
20,0.16023293137550354,3.474395100511174e-07,0.160233274102211
