sample_index,snr_db,velocity_kmh,mmse_ber,mmse_ser,mmse_nmse,oamp_dl_ber,oamp_dl_ser,oamp_dl_nmse
0,10,30,0.08695652173913043,0.16847826086956522,0.3710911220661528,0.04755434782608696,0.09239130434782608,0.15814363488331679
1,10,30,0.02309782608695652,0.04619565217391304,0.17048525295727515,0.005434782608695652,0.010869565217391304,0.02407867769168998
2,10,30,0.051630434782608696,0.10326086956521739,0.32606375065493787,0.016304347826086956,0.03260869565217391,0.05726348468690786
3,10,30,0.04891304347826087,0.09239130434782608,0.28205688801502127,0.03804347826086957,0.07336956521739131,0.12305902773068132
4,10,30,0.04076086956521739,0.07880434782608696,0.30158261700528183,0.009510869565217392,0.019021739130434784,0.024835317783404816
5,10,30,0.09510869565217392,0.18478260869565216,0.4117633522536238,0.08695652173913043,0.16847826086956522,0.26319431253932385
6,10,30,0.08831521739130435,0.16576086956521738,0.3749235698328833,0.07608695652173914,0.14673913043478262,0.23345678655106009
7,10,30,0.14673913043478262,0.27445652173913043,0.47669219684273967,0.12635869565217392,0.24456521739130435,0.3898755090203993
8,10,30,0.08152173913043478,0.15760869565217392,0.33725242495916596,0.043478260869565216,0.08695652173913043,0.132758554262466
9,10,30,0.15353260869565216,0.28532608695652173,0.491379807851657,0.13043478260869565,0.2418478260869565,0.3957662929848832
10,10,30,0.08967391304347826,0.17119565217391305,0.3626158910813333,0.051630434782608696,0.09782608695652174,0.15778932533300094
11,10,30,0.09782608695652174,0.1875,0.4144178975423401,0.07065217391304347,0.1358695652173913,0.20930011225920717
12,10,30,0.12364130434782608,0.22826086956521738,0.44536355116809057,0.10733695652173914,0.20652173913043478,0.3600105578372881
13,10,30,0.12092391304347826,0.22826086956521738,0.46102537555345896,0.08967391304347826,0.16847826086956522,0.2825421210476462
14,10,30,0.001358695652173913,0.002717391304347826,0.11114772131154718,0.0,0.0,0.002072874498661969
15,15,30,0.04891304347826087,0.09782608695652174,0.275168473025712,0.012228260869565218,0.024456521739130436,0.0390505143408777
16,15,30,0.09782608695652174,0.18478260869565216,0.46535973198075575,0.059782608695652176,0.11684782608695653,0.17743131033390844
17,15,30,0.04755434782608696,0.09510869565217392,0.2960402484912828,0.014945652173913044,0.02717391304347826,0.05151027173747493
18,15,30,0.016304347826086956,0.03260869565217391,0.227130194898729,0.0,0.0,0.0005492384699951058
19,15,30,0.028532608695652172,0.057065217391304345,0.2201209355127414,0.010869565217391304,0.021739130434782608,0.035571278717883084
20,15,30,0.15217391304347827,0.2826086956521739,0.5493975150311657,0.13043478260869565,0.24728260869565216,0.38623721340790945
21,15,30,0.033967391304347824,0.06793478260869565,0.276962469105839,0.004076086956521739,0.008152173913043478,0.022049435352553704
22,15,30,0.035326086956521736,0.06521739130434782,0.2808765823718825,0.017663043478260868,0.035326086956521736,0.0538115016865881
23,15,30,0.029891304347826088,0.059782608695652176,0.23535762876063268,0.0,0.0,0.0007558474065638822
24,15,30,0.08016304347826086,0.15217391304347827,0.4219419180803777,0.033967391304347824,0.06521739130434782,0.11450935972632958
25,15,30,0.06657608695652174,0.11956521739130435,0.3422850984356501,0.02309782608695652,0.043478260869565216,0.07967314242403964
26,15,30,0.13451086956521738,0.23641304347826086,0.5839806659241591,0.08831521739130435,0.16576086956521738,0.253538863183126
27,15,30,0.025815217391304348,0.051630434782608696,0.20278427775226612,0.006793478260869565,0.01358695652173913,0.03058398545268717
28,15,30,0.10461956521739131,0.1956521739130435,0.6174998987496176,0.08967391304347826,0.17391304347826086,0.3382067822761302
29,15,30,0.01358695652173913,0.02717391304347826,0.18442516421786317,0.002717391304347826,0.005434782608695652,0.005879588652064313
30,20,30,0.02309782608695652,0.04619565217391304,0.2322453306602915,0.010869565217391304,0.021739130434782608,0.0360183827530815
31,20,30,0.06657608695652174,0.13043478260869565,0.46385151493055055,0.006793478260869565,0.01358695652173913,0.03384035530427663
32,20,30,0.09239130434782608,0.18206521739130435,0.4698869595949845,0.042119565217391304,0.07880434782608696,0.13460275351435574
33,20,30,0.06657608695652174,0.13043478260869565,0.357847557527641,0.04891304347826087,0.09782608695652174,0.13615438579438574
34,20,30,0.03940217391304348,0.07608695652173914,0.302472667033931,0.008152173913043478,0.016304347826086956,0.024414456441141066
35,20,30,0.04076086956521739,0.07880434782608696,0.30272544458726847,0.008152173913043478,0.016304347826086956,0.030371589001055757
36,20,30,0.13451086956521738,0.25,0.8949260878898194,0.016304347826086956,0.029891304347826088,0.056941606431552
37,20,30,0.02309782608695652,0.043478260869565216,0.19996383790017183,0.0,0.0,0.00314813653376306
38,20,30,0.029891304347826088,0.057065217391304345,0.25063436956671437,0.002717391304347826,0.005434782608695652,0.008966944500955589
39,20,30,0.1480978260869565,0.2717391304347826,0.5881353286054816,0.11820652173913043,0.22010869565217392,0.36034477429475925
40,20,30,0.016304347826086956,0.03260869565217391,0.2003947282923951,0.0,0.0,0.001021194941157664
41,20,30,0.12228260869565218,0.22282608695652173,0.7909686630317181,0.016304347826086956,0.03260869565217391,0.041601242830730516
42,20,30,0.09646739130434782,0.18206521739130435,0.4146221520729541,0.043478260869565216,0.08423913043478261,0.14774921897319643
43,20,30,0.036684782608695655,0.07065217391304347,0.27054018508328603,0.008152173913043478,0.016304347826086956,0.025012487785667094
44,20,30,0.009510869565217392,0.019021739130434784,0.1635718719713758,0.004076086956521739,0.008152173913043478,0.013533395127009318
45,10,120,0.03260869565217391,0.06521739130434782,0.21479414441251146,0.004076086956521739,0.008152173913043478,0.02444740964552056
46,10,120,0.050271739130434784,0.09782608695652174,0.30633558730610705,0.017663043478260868,0.03260869565217391,0.059248919287204105
47,10,120,0.12364130434782608,0.2418478260869565,0.4496854448289446,0.10326086956521739,0.1983695652173913,0.29775866352199915
48,10,120,0.08152173913043478,0.14945652173913043,0.35246173613707593,0.05434782608695652,0.10597826086956522,0.15222721664930575
49,10,120,0.125,0.2418478260869565,0.45146749091241273,0.12092391304347826,0.23369565217391305,0.41421817932302896
50,10,120,0.059782608695652176,0.11413043478260869,0.3389292243803914,0.04619565217391304,0.08967391304347826,0.14143884504768287
51,10,120,0.04891304347826087,0.09782608695652174,0.26370495377049596,0.017663043478260868,0.035326086956521736,0.05662250375887173
52,10,120,0.014945652173913044,0.029891304347826088,0.17873153887932672,0.010869565217391304,0.021739130434782608,0.028755593631112183
53,10,120,0.07065217391304347,0.1358695652173913,0.3842309799117456,0.06114130434782609,0.11956521739130435,0.1748873520509257
54,10,120,0.10054347826086957,0.19021739130434784,0.4134232412208595,0.02717391304347826,0.051630434782608696,0.08132548510253157
55,10,120,0.06521739130434782,0.13043478260869565,0.37045877666222277,0.021739130434782608,0.043478260869565216,0.06434813987631038
56,10,120,0.012228260869565218,0.024456521739130436,0.16679296683419514,0.004076086956521739,0.008152173913043478,0.014200757838894329
57,10,120,0.12092391304347826,0.22010869565217392,0.49366549046260993,0.12092391304347826,0.22282608695652173,0.3339405176951264
58,10,120,0.017663043478260868,0.035326086956521736,0.19977125599898354,0.0,0.0,0.0016724853291763572
59,10,120,0.10869565217391304,0.20652173913043478,0.5159223972561351,0.029891304347826088,0.059782608695652176,0.09828477939971783
60,15,120,0.08559782608695653,0.17119565217391305,0.4969409075918835,0.04076086956521739,0.08152173913043478,0.11704283303550422
61,15,120,0.12635869565217392,0.2418478260869565,0.5180561666215278,0.125,0.23641304347826086,0.36534060986550665
62,15,120,0.05434782608695652,0.10597826086956522,0.2812971936103787,0.024456521739130436,0.04619565217391304,0.07556572525058008
63,15,120,0.05298913043478261,0.10597826086956522,0.3080382289954242,0.051630434782608696,0.10054347826086957,0.14309287655390415
64,15,120,0.05570652173913043,0.11141304347826086,0.33790602216365867,0.02309782608695652,0.043478260869565216,0.07185146740399331
65,15,120,0.09375,0.1793478260869565,0.4395432132889279,0.03940217391304348,0.07880434782608696,0.11213976902124988
66,15,120,0.04076086956521739,0.07608695652173914,0.2855125937741219,0.004076086956521739,0.008152173913043478,0.015737311881747335
67,15,120,0.07065217391304347,0.13858695652173914,0.33912474216217203,0.03940217391304348,0.07880434782608696,0.13125749484221483
68,15,120,0.059782608695652176,0.11956521739130435,0.3573995646340267,0.03804347826086957,0.07336956521739131,0.1055871885822932
69,15,120,0.21739130434782608,0.38858695652173914,0.7102374284008175,0.22146739130434784,0.3967391304347826,0.6118959593494048
70,15,120,0.01358695652173913,0.02717391304347826,0.1846594379369354,0.01358695652173913,0.02717391304347826,0.05813911987302545
71,15,120,0.019021739130434784,0.03804347826086957,0.1990155303453998,0.004076086956521739,0.008152173913043478,0.013276497263186693
72,15,120,0.08016304347826086,0.15217391304347827,0.4324119766606827,0.05570652173913043,0.11141304347826086,0.1822074166037741
73,15,120,0.07608695652173914,0.14673913043478262,0.5332943939394308,0.01358695652173913,0.02717391304347826,0.03745415523761553
74,15,120,0.04891304347826087,0.09782608695652174,0.2641822411504286,0.020380434782608696,0.04076086956521739,0.06676605264012543
75,20,120,0.04891304347826087,0.09510869565217392,0.3397787718346906,0.002717391304347826,0.005434782608695652,0.016435735817470244
76,20,120,0.014945652173913044,0.029891304347826088,0.16202677582474365,0.010869565217391304,0.021739130434782608,0.03097716696090661
77,20,120,0.025815217391304348,0.051630434782608696,0.24638326202665123,0.005434782608695652,0.010869565217391304,0.020189685097942684
78,20,120,0.051630434782608696,0.10054347826086957,0.3572638936255955,0.008152173913043478,0.016304347826086956,0.02533362154070357
79,20,120,0.051630434782608696,0.10326086956521739,0.3664036513569409,0.028532608695652172,0.05434782608695652,0.07517781307990036
80,20,120,0.03940217391304348,0.07608695652173914,0.357654204507541,0.006793478260869565,0.01358695652173913,0.02341718562790983
81,20,120,0.06929347826086957,0.125,0.3872135090989676,0.014945652173913044,0.02717391304347826,0.06081003409356502
82,20,120,0.10869565217391304,0.1983695652173913,0.5419750699100487,0.04076086956521739,0.07880434782608696,0.1280002274740444
83,20,120,0.07880434782608696,0.14673913043478262,0.5224137448694918,0.006793478260869565,0.01358695652173913,0.017407913791870896
84,20,120,0.028532608695652172,0.05434782608695652,0.22834651714237528,0.0,0.0,0.0010198772602476643
85,20,120,0.15081521739130435,0.27717391304347827,0.9401785308517955,0.010869565217391304,0.019021739130434784,0.026686357767094035
86,20,120,0.043478260869565216,0.08695652173913043,0.28771055835313136,0.002717391304347826,0.005434782608695652,0.008489935336111466
87,20,120,0.057065217391304345,0.10597826086956522,0.3463701168730054,0.017663043478260868,0.03260869565217391,0.049747115166888574
88,20,120,0.06657608695652174,0.11956521739130435,0.3800812501864272,0.008152173913043478,0.016304347826086956,0.03124634181676617
89,20,120,0.12907608695652173,0.2418478260869565,0.9208236709157992,0.03125,0.0625,0.10225119510199242
90,10,500,0.07472826086956522,0.14673913043478262,0.3139785214210196,0.010869565217391304,0.021739130434782608,0.028170998989271296
91,10,500,0.012228260869565218,0.024456521739130436,0.1836358963057035,0.0,0.0,0.005835137845339004
92,10,500,0.08559782608695653,0.15489130434782608,0.37714130324809253,0.06929347826086957,0.1331521739130435,0.19729798783280295
93,10,500,0.10461956521739131,0.19021739130434784,0.4419943279215752,0.07744565217391304,0.14945652173913043,0.239125674489311
94,10,500,0.03125,0.0625,0.23332916384920901,0.021739130434782608,0.043478260869565216,0.0664052502088649
95,10,500,0.025815217391304348,0.04891304347826087,0.21154353104992413,0.012228260869565218,0.024456521739130436,0.03730645781042153
96,10,500,0.058423913043478264,0.11684782608695653,0.3404457132781306,0.02309782608695652,0.04619565217391304,0.06430691611192813
97,10,500,0.06793478260869565,0.13043478260869565,0.34296580779198493,0.050271739130434784,0.09782608695652174,0.1482785848041706
98,10,500,0.07608695652173914,0.14945652173913043,0.37463698055248384,0.05298913043478261,0.10597826086956522,0.15672086938224541
99,10,500,0.11277173913043478,0.20923913043478262,0.48529195903153877,0.08288043478260869,0.16304347826086957,0.2810330523438134
100,10,500,0.11820652173913043,0.22554347826086957,0.42634474586099297,0.12364130434782608,0.23641304347826086,0.3714906120272598
101,10,500,0.10597826086956522,0.1983695652173913,0.4215364720907198,0.08288043478260869,0.15489130434782608,0.25958970839922857
102,10,500,0.043478260869565216,0.08423913043478261,0.25214806033712384,0.024456521739130436,0.04619565217391304,0.07790763903567732
103,10,500,0.058423913043478264,0.11413043478260869,0.27310099524836223,0.02309782608695652,0.04619565217391304,0.07504865492666365
104,10,500,0.06114130434782609,0.12228260869565218,0.30298317227051463,0.043478260869565216,0.08423913043478261,0.12625899048457828
105,15,500,0.10461956521739131,0.20380434782608695,0.43263222494661924,0.059782608695652176,0.11684782608695653,0.18019788336165493
106,15,500,0.025815217391304348,0.051630434782608696,0.22765330050055727,0.019021739130434784,0.03804347826086957,0.061002682248664765
107,15,500,0.09375,0.1793478260869565,0.5276076126327205,0.006793478260869565,0.01358695652173913,0.028583131848484232
108,15,500,0.06114130434782609,0.12228260869565218,0.38975612613512245,0.006793478260869565,0.01358695652173913,0.019399892980206244
109,15,500,0.021739130434782608,0.043478260869565216,0.21679874023860454,0.0,0.0,0.004161352112135465
110,15,500,0.036684782608695655,0.07336956521739131,0.2341583320632914,0.001358695652173913,0.002717391304347826,0.004538797462833929
111,15,500,0.033967391304347824,0.06521739130434782,0.24159983501400462,0.001358695652173913,0.002717391304347826,0.004979748383684147
112,15,500,0.009510869565217392,0.019021739130434784,0.18017716590181315,0.0,0.0,0.004869533108511032
113,15,500,0.057065217391304345,0.10869565217391304,0.3042361312399278,0.025815217391304348,0.051630434782608696,0.08641730678149544
114,15,500,0.08152173913043478,0.16032608695652173,0.5102857379247624,0.02717391304347826,0.051630434782608696,0.08035325483015739
115,15,500,0.16304347826086957,0.3016304347826087,0.645730346558065,0.13451086956521738,0.26358695652173914,0.39452560382965274
116,15,500,0.06657608695652174,0.12771739130434784,0.4155739424226298,0.028532608695652172,0.057065217391304345,0.09221151049807964
117,15,500,0.06114130434782609,0.12228260869565218,0.3499467703303157,0.002717391304347826,0.005434782608695652,0.015991569683304178
118,15,500,0.07472826086956522,0.14945652173913043,0.42173332162335536,0.006793478260869565,0.01358695652173913,0.017465975466839017
119,15,500,0.07608695652173914,0.14945652173913043,0.43193944485581065,0.005434782608695652,0.010869565217391304,0.016477867089554267
120,20,500,0.025815217391304348,0.051630434782608696,0.2935297624190272,0.029891304347826088,0.057065217391304345,0.09114083605904053
121,20,500,0.029891304347826088,0.059782608695652176,0.2946795794467867,0.004076086956521739,0.008152173913043478,0.015360096293687472
122,20,500,0.04076086956521739,0.08152173913043478,0.30670835672185554,0.004076086956521739,0.008152173913043478,0.011913750573231735
123,20,500,0.08967391304347826,0.17119565217391305,0.4725655456774341,0.01358695652173913,0.02717391304347826,0.03855510795573709
124,20,500,0.04483695652173913,0.08967391304347826,0.5046154712858337,0.004076086956521739,0.008152173913043478,0.01204068693243783
125,20,500,0.13451086956521738,0.24728260869565216,0.8216784007765205,0.019021739130434784,0.035326086956521736,0.06761224458436046
126,20,500,0.125,0.23641304347826086,0.6037950881955618,0.016304347826086956,0.03260869565217391,0.04666556330113676
127,20,500,0.04755434782608696,0.09510869565217392,0.25066291178608396,0.017663043478260868,0.035326086956521736,0.048769135156496925
128,20,500,0.03940217391304348,0.07608695652173914,0.3055936340656821,0.0,0.0,0.0011254138508023392
129,20,500,0.09239130434782608,0.1793478260869565,0.532290465150514,0.014945652173913044,0.029891304347826088,0.04736510444880079
130,20,500,0.005434782608695652,0.010869565217391304,0.12182652645771272,0.0,0.0,3.937309658976878e-05
131,20,500,0.08152173913043478,0.16304347826086957,0.48305767535565713,0.0,0.0,0.0025933792140576317
132,20,500,0.002717391304347826,0.005434782608695652,0.11555149329941206,0.0,0.0,6.459336864109761e-05
133,20,500,0.059782608695652176,0.11684782608695653,0.3954320136006184,0.02309782608695652,0.04619565217391304,0.079934173567145
134,20,500,0.001358695652173913,0.002717391304347826,0.10776965912440907,0.0,0.0,0.0013552077632798623
