frame_index,sample_index,file,snr_db,velocity_kmh,active_model_before,active_confidence_margin,active_confidence_z,environment_distance,low_z_threshold,switch_z_gap,low_streak,decision,active_model_after,candidate_confidence_margins,candidate_confidence_z_scores,candidate_validated_ber,candidate_ber_ceiling,candidate_gate_results,recommended_adaptation_model,reason,active_ber,active_ser,active_nmse,best_ber_receiver,selected_is_best_ber
1,0,sample_000008.npz,10,30,oamp_dl,0.5731580853462219,-0.6255153408764268,0.3385884012784692,-1.0,,0,KEEP,oamp_dl,{},{},{},,{},,active confidence is not low for two consecutive frames,0.0475543478260869,0.092391304347826,0.1581436348833167,oamp_dl,True
2,1,sample_000012.npz,10,30,oamp_dl,0.6428478956222534,0.2825356716751915,0.20850423103060148,-1.0,,0,KEEP,oamp_dl,{},{},{},,{},,active confidence is not low for two consecutive frames,0.0054347826086956,0.0108695652173913,0.0240786776916899,oamp_dl,True
3,2,sample_000013.npz,10,30,oamp_dl,0.6325244903564453,0.14802276989704113,0.4638623832611702,-1.0,,0,KEEP,oamp_dl,{},{},{},,{},,active confidence is not low for two consecutive frames,0.0163043478260869,0.0326086956521739,0.0572634846869078,oamp_dl,True
4,3,sample_000014.npz,10,30,oamp_dl,0.6069014072418213,-0.18584335019671508,0.35577000125402936,-1.0,,0,KEEP,oamp_dl,{},{},{},,{},,active confidence is not low for two consecutive frames,0.0380434782608695,0.0733695652173913,0.1230590277306813,pi_egnn,False
5,4,sample_000019.npz,10,30,oamp_dl,0.6513635516166687,0.3934937876126883,0.39159913047816747,-1.0,,0,KEEP,oamp_dl,{},{},{},,{},,active confidence is not low for two consecutive frames,0.0095108695652173,0.0190217391304347,0.0248353177834048,oamp_dl,True
6,5,sample_000022.npz,10,30,oamp_dl,0.5306576490402222,-1.1792916256544874,0.810654628446993,-1.0,,1,KEEP,oamp_dl,{},{},{},,{},,active confidence is not low for two consecutive frames,0.0869565217391304,0.1684782608695652,0.2631943125393238,original_gnn,False
7,6,sample_000035.npz,10,30,oamp_dl,0.5734862685203552,-0.6212391480959646,1.323492846205061,-1.0,,0,KEEP,oamp_dl,{},{},{},,{},,active confidence is not low for two consecutive frames,0.0760869565217391,0.1467391304347826,0.23345678655106,original_gnn,False
8,7,sample_000036.npz,10,30,oamp_dl,0.5007882118225098,-1.5684873000645694,1.470421735891121,-1.0,,1,KEEP,oamp_dl,{},{},{},,{},,active confidence is not low for two consecutive frames,0.1263586956521739,0.2445652173913043,0.3898755090203993,oamp_dl,True
9,8,sample_000041.npz,10,30,oamp_dl,0.5994747281074524,-0.28261221039519174,0.6041921089981523,-1.0,,0,KEEP,oamp_dl,{},{},{},,{},,active confidence is not low for two consecutive frames,0.0434782608695652,0.0869565217391304,0.132758554262466,oamp_dl,True
10,9,sample_000047.npz,10,30,oamp_dl,0.5232289433479309,-1.2760868916928725,2.2795438627848954,-1.0,,1,KEEP,oamp_dl,{},{},{},,{},,active confidence is not low for two consecutive frames,0.1304347826086956,0.2418478260869565,0.3957662929848832,oamp_dl,True
11,10,sample_000053.npz,10,30,oamp_dl,0.5533123016357422,-0.8841038478877525,0.4311746307665058,-1.0,,0,KEEP,oamp_dl,{},{},{},,{},,active confidence is not low for two consecutive frames,0.0516304347826086,0.0978260869565217,0.1577893253330009,oamp_dl,True
12,11,sample_000064.npz,10,30,oamp_dl,0.5289079546928406,-1.2020899618460001,1.3095687735926156,-1.0,,1,KEEP,oamp_dl,{},{},{},,{},,active confidence is not low for two consecutive frames,0.0706521739130434,0.1358695652173913,0.2093001122592071,original_gnn,False
13,12,sample_000065.npz,10,30,oamp_dl,0.5867568850517273,-0.4483243886674809,1.189984706431096,-1.0,,0,KEEP,oamp_dl,{},{},{},,{},,active confidence is not low for two consecutive frames,0.1073369565217391,0.2065217391304347,0.3600105578372881,oamp_dl,True
14,13,sample_000066.npz,10,30,oamp_dl,0.5548286437988281,-0.8643460664974586,1.1783063855835818,-1.0,,0,KEEP,oamp_dl,{},{},{},,{},,active confidence is not low for two consecutive frames,0.0896739130434782,0.1684782608695652,0.2825421210476462,oamp_dl,True
15,14,sample_000077.npz,10,30,oamp_dl,0.684640109539032,0.8270838920476125,0.2195424926960223,-1.0,,0,KEEP,oamp_dl,{},{},{},,{},,active confidence is not low for two consecutive frames,0.0,0.0,0.0020728744986619,oamp_dl,True
16,15,sample_000103.npz,15,30,oamp_dl,0.6689272522926331,0.6223469889600916,0.2333686139175476,-1.0,,0,KEEP,oamp_dl,{},{},{},,{},,active confidence is not low for two consecutive frames,0.0122282608695652,0.0244565217391304,0.0390505143408777,oamp_dl,True
17,16,sample_000116.npz,15,30,oamp_dl,0.5638480186462402,-0.746824546058021,0.36409683114616265,-1.0,,0,KEEP,oamp_dl,{},{},{},,{},,active confidence is not low for two consecutive frames,0.0597826086956521,0.1168478260869565,0.1774313103339084,oamp_dl,True
18,17,sample_000127.npz,15,30,oamp_dl,0.6619553565979004,0.5315039098940026,0.25305541360298694,-1.0,,0,KEEP,oamp_dl,{},{},{},,{},,active confidence is not low for two consecutive frames,0.014945652173913,0.0271739130434782,0.0515102717374749,oamp_dl,True
19,18,sample_000130.npz,15,30,oamp_dl,0.6994251012802124,1.019730803668832,0.6103799429830392,-1.0,,0,KEEP,oamp_dl,{},{},{},,{},,active confidence is not low for two consecutive frames,0.0,0.0,0.0005492384699951,oamp_dl,True
20,19,sample_000152.npz,15,30,oamp_dl,0.6500476598739624,0.3763478544462762,0.24516540347068785,-1.0,,0,KEEP,oamp_dl,{},{},{},,{},,active confidence is not low for two consecutive frames,0.0108695652173913,0.0217391304347826,0.035571278717883,oamp_dl,True
21,20,sample_000160.npz,15,30,oamp_dl,0.5222471356391907,-1.2888797444861477,0.9928979860420406,-1.0,,1,KEEP,oamp_dl,{},{},{},,{},,active confidence is not low for two consecutive frames,0.1304347826086956,0.2472826086956521,0.3862372134079094,pi_egnn,False
22,21,sample_000165.npz,15,30,oamp_dl,0.6543077230453491,0.4318560365031589,0.5253664696227914,-1.0,,0,KEEP,oamp_dl,{},{},{},,{},,active confidence is not low for two consecutive frames,0.0040760869565217,0.0081521739130434,0.0220494353525537,oamp_dl,True
23,22,sample_000169.npz,15,30,oamp_dl,0.6305416822433472,0.12218698547371089,0.260730404166241,-1.0,,0,KEEP,oamp_dl,{},{},{},,{},,active confidence is not low for two consecutive frames,0.0176630434782608,0.0353260869565217,0.0538115016865881,oamp_dl,True
24,23,sample_000173.npz,15,30,oamp_dl,0.6970974206924438,0.9894013666069702,0.5868819669371477,-1.0,,0,KEEP,oamp_dl,{},{},{},,{},,active confidence is not low for two consecutive frames,0.0,0.0,0.0007558474065638,oamp_dl,True
25,24,sample_000175.npz,15,30,oamp_dl,0.6258991360664368,0.061695089455290626,0.2798023710926058,-1.0,,0,KEEP,oamp_dl,{},{},{},,{},,active confidence is not low for two consecutive frames,0.0339673913043478,0.0652173913043478,0.1145093597263295,oamp_dl,True
26,25,sample_000188.npz,15,30,oamp_dl,0.6349745392799377,0.1799466537039608,0.5063209351801453,-1.0,,0,KEEP,oamp_dl,{},{},{},,{},,active confidence is not low for two consecutive frames,0.0230978260869565,0.0434782608695652,0.0796731424240396,oamp_dl,True
27,26,sample_000193.npz,15,30,oamp_dl,0.5574000477790833,-0.8308409388654352,0.7927173462179639,-1.0,,0,KEEP,oamp_dl,{},{},{},,{},,active confidence is not low for two consecutive frames,0.0883152173913043,0.1657608695652173,0.253538863183126,oamp_dl,True
28,27,sample_000194.npz,15,30,oamp_dl,0.6515102386474609,0.3954051044366471,0.3811824432276847,-1.0,,0,KEEP,oamp_dl,{},{},{},,{},,active confidence is not low for two consecutive frames,0.0067934782608695,0.0135869565217391,0.0305839854526871,oamp_dl,True
29,28,sample_000195.npz,15,30,oamp_dl,0.2915970981121063,-4.294225853077454,1.1811101272286069,-1.0,,1,KEEP,oamp_dl,{},{},{},,{},,active confidence is not low for two consecutive frames,0.0896739130434782,0.1739130434782608,0.3382067822761302,pi_egnn,False
30,29,sample_000196.npz,15,30,oamp_dl,0.696694552898407,0.984152040961648,0.6616675817166916,-1.0,,0,KEEP,oamp_dl,{},{},{},,{},,active confidence is not low for two consecutive frames,0.0027173913043478,0.0054347826086956,0.0058795886520643,oamp_dl,True
31,30,sample_000200.npz,20,30,oamp_dl,0.6799207925796509,0.7655916806820735,0.6871004383061063,-1.0,,0,KEEP,oamp_dl,{},{},{},,{},,active confidence is not low for two consecutive frames,0.0108695652173913,0.0217391304347826,0.0360183827530815,original_gnn,False
32,31,sample_000208.npz,20,30,oamp_dl,0.6437302231788635,0.29403230838590383,1.2196172002316445,-1.0,,0,KEEP,oamp_dl,{},{},{},,{},,active confidence is not low for two consecutive frames,0.0067934782608695,0.0135869565217391,0.0338403553042766,oamp_dl,True
33,32,sample_000214.npz,20,30,oamp_dl,0.672319769859314,0.6665511416091232,0.8875130109291883,-1.0,,0,KEEP,oamp_dl,{},{},{},,{},,active confidence is not low for two consecutive frames,0.0421195652173913,0.0788043478260869,0.1346027535143557,oamp_dl,True
34,33,sample_000219.npz,20,30,oamp_dl,0.5409317016601562,-1.0454217837423418,0.5987124423794871,-1.0,,1,KEEP,oamp_dl,{},{},{},,{},,active confidence is not low for two consecutive frames,0.0489130434782608,0.0978260869565217,0.1361543857943857,original_gnn,False
35,34,sample_000220.npz,20,30,oamp_dl,0.6741979718208313,0.6910239187077692,0.5633104900379831,-1.0,,0,KEEP,oamp_dl,{},{},{},,{},,active confidence is not low for two consecutive frames,0.0081521739130434,0.0163043478260869,0.024414456441141,oamp_dl,True
36,35,sample_000221.npz,20,30,oamp_dl,0.6792407035827637,0.7567301914657506,0.6611008191127878,-1.0,,0,KEEP,oamp_dl,{},{},{},,{},,active confidence is not low for two consecutive frames,0.0081521739130434,0.0163043478260869,0.0303715890010557,oamp_dl,True
37,36,sample_000226.npz,20,30,oamp_dl,0.6551240682601929,0.4424929301321474,0.2920020112566432,-1.0,,0,KEEP,oamp_dl,{},{},{},,{},,active confidence is not low for two consecutive frames,0.0163043478260869,0.029891304347826,0.056941606431552,oamp_dl,True
38,37,sample_000231.npz,20,30,oamp_dl,0.690987765789032,0.9097931957795603,0.9927980845893052,-1.0,,0,KEEP,oamp_dl,{},{},{},,{},,active confidence is not low for two consecutive frames,0.0,0.0,0.003148136533763,oamp_dl,True
39,38,sample_000233.npz,20,30,oamp_dl,0.6913548707962036,0.9145765360147341,0.5980885452643326,-1.0,,0,KEEP,oamp_dl,{},{},{},,{},,active confidence is not low for two consecutive frames,0.0027173913043478,0.0054347826086956,0.0089669445009555,oamp_dl,True
40,39,sample_000242.npz,20,30,oamp_dl,0.5488680005073547,-0.94201263144925,0.19110049450479372,-1.0,,0,KEEP,oamp_dl,{},{},{},,{},,active confidence is not low for two consecutive frames,0.1182065217391304,0.2201086956521739,0.3603447742947592,oamp_dl,True
41,40,sample_000250.npz,20,30,oamp_dl,0.6993733048439026,1.019055901466467,0.7061142761829345,-1.0,,0,KEEP,oamp_dl,{},{},{},,{},,active confidence is not low for two consecutive frames,0.0,0.0,0.0010211949411576,oamp_dl,True
42,41,sample_000262.npz,20,30,oamp_dl,0.668275773525238,0.6138582880718875,0.6374553029343556,-1.0,,0,KEEP,oamp_dl,{},{},{},,{},,active confidence is not low for two consecutive frames,0.0163043478260869,0.0326086956521739,0.0416012428307305,oamp_dl,True
43,42,sample_000270.npz,20,30,oamp_dl,0.6464397311210632,0.32933691634345047,0.8356890942144025,-1.0,,0,KEEP,oamp_dl,{},{},{},,{},,active confidence is not low for two consecutive frames,0.0434782608695652,0.0842391304347826,0.1477492189731964,oamp_dl,True
44,43,sample_000293.npz,20,30,oamp_dl,0.693597137928009,0.9437930445886913,1.0555145682129292,-1.0,,0,KEEP,oamp_dl,{},{},{},,{},,active confidence is not low for two consecutive frames,0.0081521739130434,0.0163043478260869,0.025012487785667,pi_egnn,False
45,44,sample_000298.npz,20,30,oamp_dl,0.6789155602455139,0.752493607445151,1.3111479220933693,-1.0,,0,KEEP,oamp_dl,{},{},{},,{},,active confidence is not low for two consecutive frames,0.0040760869565217,0.0081521739130434,0.0135333951270093,oamp_dl,True
46,45,sample_000301.npz,10,120,oamp_dl,0.6456608772277832,0.3191885307527676,0.330536547279342,-1.0,,0,KEEP,oamp_dl,{},{},{},,{},,active confidence is not low for two consecutive frames,0.0040760869565217,0.0081521739130434,0.0244474096455205,oamp_dl,True
47,46,sample_000305.npz,10,120,oamp_dl,0.6449286341667175,0.3096474794799782,0.26588374928796615,-1.0,,0,KEEP,oamp_dl,{},{},{},,{},,active confidence is not low for two consecutive frames,0.0176630434782608,0.0326086956521739,0.0592489192872041,oamp_dl,True
48,47,sample_000322.npz,10,120,oamp_dl,0.5258281826972961,-1.2422190720832835,0.8103752479852265,-1.0,,1,KEEP,oamp_dl,{},{},{},,{},,active confidence is not low for two consecutive frames,0.1032608695652173,0.1983695652173913,0.2977586635219991,oamp_dl,True
49,48,sample_000344.npz,10,120,oamp_dl,0.5910845398902893,-0.3919354941854177,0.6806875640560389,-1.0,,0,KEEP,oamp_dl,{},{},{},,{},,active confidence is not low for two consecutive frames,0.0543478260869565,0.1059782608695652,0.1522272166493057,oamp_dl,True
50,49,sample_000348.npz,10,120,oamp_dl,0.2715747654438019,-4.555114774730213,3.270107804830736,-1.0,,1,KEEP,oamp_dl,{},{},{},,{},,active confidence is not low for two consecutive frames,0.1209239130434782,0.233695652173913,0.4142181793230289,oamp_dl,True
51,50,sample_000349.npz,10,120,oamp_dl,0.5414363741874695,-1.0388459529627971,0.5064396510668595,-1.0,0.5,2,SWITCH,original_gnn,"{""mmse"": 0.4203866124153137, ""oamp_dl"": 0.5414363741874695, ""original_gnn"": 0.6035252809524536, ""pi_egnn"": 0.6123623251914978}","{""mmse"": -0.41572293740903393, ""oamp_dl"": -1.0388459529627971, ""original_gnn"": -0.12505250833594175, ""pi_egnn"": -0.02988066469486914}","{""mmse"": 0.06687801932367149, ""original_gnn"": 0.03686594202898551, ""pi_egnn"": 0.04002616747181964}",0.03796095008051529,"{""mmse"": {""passes_active_ber_noninferiority"": false, ""passes_best_receiver_ber_floor"": false, ""passes_confidence_z_gap"": true}, ""original_gnn"": {""passes_active_ber_noninferiority"": true, ""passes_best_receiver_ber_floor"": true, ""passes_confidence_z_gap"": true}, ""pi_egnn"": {""passes_active_ber_noninferiority"": false, ""passes_best_receiver_ber_floor"": false, ""passes_confidence_z_gap"": true}}",,candidate exceeds active confidence by the fixed switch margin,0.0407608695652173,0.0760869565217391,0.1305999606847763,pi_egnn,False
52,51,sample_000358.npz,10,120,original_gnn,0.6666066646575928,0.60399602722664,0.32169853626949907,-1.0,,0,KEEP,original_gnn,{},{},{},,{},,active confidence is not low for two consecutive frames,0.0244565217391304,0.0489130434782608,0.0743640139698982,oamp_dl,False
53,52,sample_000359.npz,10,120,original_gnn,0.6682418584823608,0.6228944025203801,0.22341782720668268,-1.0,,0,KEEP,original_gnn,{},{},{},,{},,active confidence is not low for two consecutive frames,0.0108695652173913,0.0217391304347826,0.030008090659976,oamp_dl,False
54,53,sample_000361.npz,10,120,original_gnn,0.5994188189506531,-0.17251199531786995,0.1855968264469833,-1.0,,0,KEEP,original_gnn,{},{},{},,{},,active confidence is not low for two consecutive frames,0.0570652173913043,0.1059782608695652,0.1721197813749313,original_gnn,True
55,54,sample_000373.npz,10,120,original_gnn,0.6285179853439331,0.16379490537214084,0.3245956684403045,-1.0,,0,KEEP,original_gnn,{},{},{},,{},,active confidence is not low for two consecutive frames,0.03125,0.0597826086956521,0.091176301240921,oamp_dl,False
56,55,sample_000376.npz,10,120,original_gnn,0.6241430044174194,0.11323207288105251,0.6331088784788801,-1.0,,0,KEEP,original_gnn,{},{},{},,{},,active confidence is not low for two consecutive frames,0.0244565217391304,0.046195652173913,0.0769205763936042,oamp_dl,False
57,56,sample_000378.npz,10,120,original_gnn,0.6719493865966797,0.6657433031554029,0.18535848484100895,-1.0,,0,KEEP,original_gnn,{},{},{},,{},,active confidence is not low for two consecutive frames,0.0027173913043478,0.0054347826086956,0.0146950045600533,pi_egnn,False
58,57,sample_000385.npz,10,120,original_gnn,0.48035240173339844,-1.5485946366352474,1.1878347328764582,-1.0,,1,KEEP,original_gnn,{},{},{},,{},,active confidence is not low for two consecutive frames,0.1195652173913043,0.2255434782608695,0.3413704335689544,pi_egnn,False
59,58,sample_000393.npz,10,120,original_gnn,0.6997328996658325,0.9868448441509206,0.3470963500300442,-1.0,,0,KEEP,original_gnn,{},{},{},,{},,active confidence is not low for two consecutive frames,0.0,0.0,0.0014406041009351,oamp_dl,False
60,59,sample_000399.npz,10,120,original_gnn,0.5978948473930359,-0.19012494492457493,0.6608773844844665,-1.0,,0,KEEP,original_gnn,{},{},{},,{},,active confidence is not low for two consecutive frames,0.0475543478260869,0.092391304347826,0.1425842940807342,oamp_dl,False
61,60,sample_000401.npz,15,120,original_gnn,0.595107913017273,-0.22233429586171138,0.22915618486680767,-1.0,,0,KEEP,original_gnn,{},{},{},,{},,active confidence is not low for two consecutive frames,0.0380434782608695,0.0760869565217391,0.1249869838356971,original_gnn,True
62,61,sample_000402.npz,15,120,original_gnn,0.4447418749332428,-1.9601550826714123,0.7416280374350475,-1.0,,1,KEEP,original_gnn,{},{},{},,{},,active confidence is not low for two consecutive frames,0.1331521739130435,0.2527173913043478,0.3679727911949157,oamp_dl,False
63,62,sample_000405.npz,15,120,original_gnn,0.6435540318489075,0.3375705431473372,0.3543701631257452,-1.0,,0,KEEP,original_gnn,{},{},{},,{},,active confidence is not low for two consecutive frames,0.0285326086956521,0.0543478260869565,0.0935941264033317,oamp_dl,False
64,63,sample_000410.npz,15,120,original_gnn,0.5976155400276184,-0.1933529753476436,0.1899889150926682,-1.0,,0,KEEP,original_gnn,{},{},{},,{},,active confidence is not low for two consecutive frames,0.0529891304347826,0.1032608695652173,0.1659682542085647,oamp_dl,False
65,64,sample_000421.npz,15,120,original_gnn,0.6465704441070557,0.3724320317560089,0.42872583164341593,-1.0,,0,KEEP,original_gnn,{},{},{},,{},,active confidence is not low for two consecutive frames,0.0244565217391304,0.0434782608695652,0.0759473294019699,oamp_dl,False
66,65,sample_000426.npz,15,120,original_gnn,0.6210044622421265,0.07695909593758185,0.1859188543945432,-1.0,,0,KEEP,original_gnn,{},{},{},,{},,active confidence is not low for two consecutive frames,0.0353260869565217,0.0706521739130434,0.1199958398938179,original_gnn,True
67,66,sample_000432.npz,15,120,original_gnn,0.6730747222900391,0.6787491107498408,0.32201418510102264,-1.0,,0,KEEP,original_gnn,{},{},{},,{},,active confidence is not low for two consecutive frames,0.0054347826086956,0.0108695652173913,0.0213437583297491,oamp_dl,False
68,67,sample_000437.npz,15,120,original_gnn,0.43535178899765015,-2.068678834023317,1.0489418984665262,-1.0,,1,KEEP,original_gnn,{},{},{},,{},,active confidence is not low for two consecutive frames,0.0597826086956521,0.1168478260869565,0.2168080955743789,oamp_dl,False
69,68,sample_000441.npz,15,120,original_gnn,0.598041832447052,-0.188426199080937,0.19402352934343417,-1.0,,0,KEEP,original_gnn,{},{},{},,{},,active confidence is not low for two consecutive frames,0.0339673913043478,0.0679347826086956,0.11231130361557,original_gnn,True
70,69,sample_000454.npz,15,120,original_gnn,0.31677332520484924,-3.439122066237312,3.13232209902837,-1.0,,1,KEEP,original_gnn,{},{},{},,{},,active confidence is not low for two consecutive frames,0.2350543478260869,0.4184782608695652,0.6348501443862915,mmse,False
71,70,sample_000458.npz,15,120,original_gnn,0.5716366171836853,-0.4935983812409789,0.19498924799700146,-1.0,,0,KEEP,original_gnn,{},{},{},,{},,active confidence is not low for two consecutive frames,0.0230978260869565,0.0434782608695652,0.0782463476061821,mmse,False
72,71,sample_000472.npz,15,120,original_gnn,0.6914888620376587,0.8915662816508196,0.584918029183942,-1.0,,0,KEEP,original_gnn,{},{},{},,{},,active confidence is not low for two consecutive frames,0.0027173913043478,0.0054347826086956,0.0097516141831874,pi_egnn,False
73,72,sample_000474.npz,15,120,original_gnn,0.6247421503067017,0.12015656323800647,0.23966974077692302,-1.0,,0,KEEP,original_gnn,{},{},{},,{},,active confidence is not low for two consecutive frames,0.0502717391304347,0.1005434782608695,0.1559121161699295,original_gnn,True
74,73,sample_000486.npz,15,120,original_gnn,0.62656569480896,0.14123175802318844,0.32516070723967405,-1.0,,0,KEEP,original_gnn,{},{},{},,{},,active confidence is not low for two consecutive frames,0.0230978260869565,0.0434782608695652,0.0736754983663559,oamp_dl,False
75,74,sample_000497.npz,15,120,original_gnn,0.587180495262146,-0.3139535972420213,0.2868836759210672,-1.0,,0,KEEP,original_gnn,{},{},{},,{},,active confidence is not low for two consecutive frames,0.0339673913043478,0.0652173913043478,0.1048375517129898,oamp_dl,False
76,75,sample_000502.npz,20,120,original_gnn,0.6818852424621582,0.7805746645305317,0.5453581839534231,-1.0,,0,KEEP,original_gnn,{},{},{},,{},,active confidence is not low for two consecutive frames,0.0013586956521739,0.0027173913043478,0.00987452827394,original_gnn,True
77,76,sample_000518.npz,20,120,original_gnn,0.6857579350471497,0.8253324154221323,1.1979494041193735,-1.0,,0,KEEP,original_gnn,{},{},{},,{},,active confidence is not low for two consecutive frames,0.0013586956521739,0.0027173913043478,0.0053540244698524,original_gnn,True
78,77,sample_000528.npz,20,120,original_gnn,0.67363440990448,0.6852175712006763,0.5336457932524318,-1.0,,0,KEEP,original_gnn,{},{},{},,{},,active confidence is not low for two consecutive frames,0.0122282608695652,0.0244565217391304,0.0356243476271629,oamp_dl,False
79,78,sample_000532.npz,20,120,original_gnn,0.65791916847229,0.5035922947846632,0.7202364787959117,-1.0,,0,KEEP,original_gnn,{},{},{},,{},,active confidence is not low for two consecutive frames,0.0271739130434782,0.0516304347826086,0.0787905976176261,oamp_dl,False
80,79,sample_000534.npz,20,120,original_gnn,0.586825966835022,-0.3180509777278114,0.22945330572741912,-1.0,,0,KEEP,original_gnn,{},{},{},,{},,active confidence is not low for two consecutive frames,0.0190217391304347,0.0353260869565217,0.0782759338617324,original_gnn,True
81,80,sample_000536.npz,20,120,original_gnn,0.6721661686897278,0.6682487121713441,0.5586618468328637,-1.0,,0,KEEP,original_gnn,{},{},{},,{},,active confidence is not low for two consecutive frames,0.0108695652173913,0.0190217391304347,0.0333005115389823,oamp_dl,False
82,81,sample_000557.npz,20,120,original_gnn,0.6635148525238037,0.5682631219544638,0.7874212195321411,-1.0,,0,KEEP,original_gnn,{},{},{},,{},,active confidence is not low for two consecutive frames,0.0176630434782608,0.0353260869565217,0.059088472276926,oamp_dl,False
83,82,sample_000563.npz,20,120,original_gnn,0.5673094391822815,-0.5436087424560746,0.1979315203107061,-1.0,,0,KEEP,original_gnn,{},{},{},,{},,active confidence is not low for two consecutive frames,0.0434782608695652,0.0842391304347826,0.1432454586029052,oamp_dl,False
84,83,sample_000569.npz,20,120,original_gnn,0.674626886844635,0.6966878944133345,0.6574976490543235,-1.0,,0,KEEP,original_gnn,{},{},{},,{},,active confidence is not low for two consecutive frames,0.0067934782608695,0.0135869565217391,0.0223560109734535,oamp_dl,False
85,84,sample_000571.npz,20,120,original_gnn,0.6895703077316284,0.8693930329829292,0.728979032168819,-1.0,,0,KEEP,original_gnn,{},{},{},,{},,active confidence is not low for two consecutive frames,0.0081521739130434,0.0135869565217391,0.0240561887621879,oamp_dl,False
86,85,sample_000574.npz,20,120,original_gnn,0.6293530464172363,0.17344593102881858,0.5547603925763389,-1.0,,0,KEEP,original_gnn,{},{},{},,{},,active confidence is not low for two consecutive frames,0.0230978260869565,0.046195652173913,0.072237953543663,oamp_dl,False
87,86,sample_000580.npz,20,120,original_gnn,0.6730970144271851,0.67900674698079,0.2380755367441723,-1.0,,0,KEEP,original_gnn,{},{},{},,{},,active confidence is not low for two consecutive frames,0.0122282608695652,0.0244565217391304,0.0399780012667179,oamp_dl,False
88,87,sample_000586.npz,20,120,original_gnn,0.6793818473815918,0.7516422535683286,0.9262745444144549,-1.0,,0,KEEP,original_gnn,{},{},{},,{},,active confidence is not low for two consecutive frames,0.0095108695652173,0.0190217391304347,0.0209417287260293,original_gnn,True
89,88,sample_000597.npz,20,120,original_gnn,0.6705174446105957,0.6491939640850227,0.6510240572183613,-1.0,,0,KEEP,original_gnn,{},{},{},,{},,active confidence is not low for two consecutive frames,0.0135869565217391,0.0271739130434782,0.0408297330141067,oamp_dl,False
90,89,sample_000598.npz,20,120,original_gnn,0.5976479053497314,-0.19297892060591795,0.21473263976952264,-1.0,,0,KEEP,original_gnn,{},{},{},,{},,active confidence is not low for two consecutive frames,0.0489130434782608,0.0951086956521739,0.143363669514656,oamp_dl,False
91,90,sample_000601.npz,10,500,original_gnn,0.6560516357421875,0.4820087162068596,0.19351007025791517,-1.0,,0,KEEP,original_gnn,{},{},{},,{},,active confidence is not low for two consecutive frames,0.0203804347826086,0.0407608695652173,0.0568699054419994,oamp_dl,False
92,91,sample_000607.npz,10,500,original_gnn,0.6948608160018921,0.9305368614830519,0.44844447431652157,-1.0,,0,KEEP,original_gnn,{},{},{},,{},,active confidence is not low for two consecutive frames,0.0040760869565217,0.0081521739130434,0.0106900995597243,oamp_dl,False
93,92,sample_000608.npz,10,500,original_gnn,0.5526085495948792,-0.7135108814969742,0.6386496211198873,-1.0,,0,KEEP,original_gnn,{},{},{},,{},,active confidence is not low for two consecutive frames,0.0625,0.1195652173913043,0.1756956428289413,original_gnn,True
94,93,sample_000623.npz,10,500,original_gnn,0.5120736360549927,-1.1819837909300395,1.0852220846568377,-1.0,,1,KEEP,original_gnn,{},{},{},,{},,active confidence is not low for two consecutive frames,0.0747282608695652,0.1440217391304347,0.2428720146417617,original_gnn,True
95,94,sample_000627.npz,10,500,original_gnn,0.6250079870223999,0.12322890973542136,0.6272158968316006,-1.0,,0,KEEP,original_gnn,{},{},{},,{},,active confidence is not low for two consecutive frames,0.0258152173913043,0.0516304347826086,0.0781569108366966,oamp_dl,False
96,95,sample_000630.npz,10,500,original_gnn,0.6429216265678406,0.3302616650447425,0.31262734653893215,-1.0,,0,KEEP,original_gnn,{},{},{},,{},,active confidence is not low for two consecutive frames,0.0176630434782608,0.0353260869565217,0.0528832599520683,oamp_dl,False
97,96,sample_000631.npz,10,500,original_gnn,0.6698539853096008,0.6415261863131112,0.5986428464115674,-1.0,,0,KEEP,original_gnn,{},{},{},,{},,active confidence is not low for two consecutive frames,0.0190217391304347,0.0380434782608695,0.0599096491932868,pi_egnn,False
98,97,sample_000632.npz,10,500,original_gnn,0.5552549362182617,-0.6829258787752871,1.4607481986062067,-1.0,,0,KEEP,original_gnn,{},{},{},,{},,active confidence is not low for two consecutive frames,0.0502717391304347,0.0978260869565217,0.1605947613716125,pi_egnn,False
99,98,sample_000643.npz,10,500,original_gnn,0.5839374661445618,-0.3514341579097001,0.6211729029228851,-1.0,,0,KEEP,original_gnn,{},{},{},,{},,active confidence is not low for two consecutive frames,0.0557065217391304,0.1114130434782608,0.1566778123378753,oamp_dl,False
100,99,sample_000647.npz,10,500,original_gnn,0.4935448169708252,-1.3961263417998582,1.9713624048960734,-1.0,,1,KEEP,original_gnn,{},{},{},,{},,active confidence is not low for two consecutive frames,0.0896739130434782,0.1766304347826087,0.2628395557403564,oamp_dl,False
101,100,sample_000658.npz,10,500,original_gnn,0.5039054155349731,-1.2763861146981423,1.1591230410560114,-1.0,0.5,2,ADAPT,original_gnn,"{""mmse"": 0.3355754315853119, ""oamp_dl"": 0.5435659885406494, ""original_gnn"": 0.5039054155349731, ""pi_egnn"": 0.5232478976249695}","{""mmse"": -1.729946199736705, ""oamp_dl"": -1.0110972984308075, ""original_gnn"": -1.2763861146981423, ""pi_egnn"": -1.128919281501051}","{""mmse"": 0.06687801932367149, ""oamp_dl"": 0.03296095008051529, ""pi_egnn"": 0.04002616747181964}",0.03796095008051529,"{""mmse"": {""passes_active_ber_noninferiority"": false, ""passes_best_receiver_ber_floor"": false, ""passes_confidence_z_gap"": false}, ""oamp_dl"": {""passes_active_ber_noninferiority"": true, ""passes_best_receiver_ber_floor"": true, ""passes_confidence_z_gap"": false}, ""pi_egnn"": {""passes_active_ber_noninferiority"": true, ""passes_best_receiver_ber_floor"": false, ""passes_confidence_z_gap"": false}}",oamp_dl,no candidate clears the fixed switch margin or the switch cooldown blocks a change; adaptation is only recommended,0.1263586956521739,0.2364130434782608,0.3509688973426819,mmse,False
102,101,sample_000660.npz,10,500,original_gnn,0.5128875970840454,-1.1725766241657574,1.5051083178096025,-1.0,0.5,3,ADAPT,original_gnn,"{""mmse"": 0.38151848316192627, ""oamp_dl"": 0.5516687631607056, ""original_gnn"": 0.5128875970840454, ""pi_egnn"": 0.5049827694892883}","{""mmse"": -1.0180185207042316, ""oamp_dl"": -0.9055189840534746, ""original_gnn"": -1.1725766241657574, ""pi_egnn"": -1.3541811353915492}","{""mmse"": 0.06687801932367149, ""oamp_dl"": 0.03296095008051529, ""pi_egnn"": 0.04002616747181964}",0.03796095008051529,"{""mmse"": {""passes_active_ber_noninferiority"": false, ""passes_best_receiver_ber_floor"": false, ""passes_confidence_z_gap"": false}, ""oamp_dl"": {""passes_active_ber_noninferiority"": true, ""passes_best_receiver_ber_floor"": true, ""passes_confidence_z_gap"": false}, ""pi_egnn"": {""passes_active_ber_noninferiority"": true, ""passes_best_receiver_ber_floor"": false, ""passes_confidence_z_gap"": false}}",oamp_dl,no candidate clears the fixed switch margin or the switch cooldown blocks a change; adaptation is only recommended,0.0842391304347826,0.1603260869565217,0.2504653632640838,oamp_dl,False
103,102,sample_000678.npz,10,500,original_gnn,0.6134753823280334,-0.010056507765099391,0.4820749481180188,-1.0,,0,KEEP,original_gnn,{},{},{},,{},,active confidence is not low for two consecutive frames,0.0244565217391304,0.046195652173913,0.0835938826203346,oamp_dl,False
104,103,sample_000685.npz,10,500,original_gnn,0.6191903948783875,0.05599343099389966,0.4495263959805246,-1.0,,0,KEEP,original_gnn,{},{},{},,{},,active confidence is not low for two consecutive frames,0.0394021739130434,0.0788043478260869,0.1011081337928772,oamp_dl,False
105,104,sample_000693.npz,10,500,original_gnn,0.6106359362602234,-0.04287275046551445,0.8312092685643174,-1.0,,0,KEEP,original_gnn,{},{},{},,{},,active confidence is not low for two consecutive frames,0.0421195652173913,0.0788043478260869,0.13080795109272,original_gnn,True
106,105,sample_000703.npz,15,500,original_gnn,0.5544182062149048,-0.6925961927059396,0.3101158740738191,-1.0,,0,KEEP,original_gnn,{},{},{},,{},,active confidence is not low for two consecutive frames,0.0584239130434782,0.1168478260869565,0.1810272634029388,original_gnn,True
107,106,sample_000710.npz,15,500,original_gnn,0.49626749753952026,-1.3646595894107516,0.562907644252727,-1.0,,1,KEEP,original_gnn,{},{},{},,{},,active confidence is not low for two consecutive frames,0.029891304347826,0.0570652173913043,0.109454371035099,oamp_dl,False
108,107,sample_000716.npz,15,500,original_gnn,0.6366979479789734,0.2583329359249949,0.41124248676892666,-1.0,,0,KEEP,original_gnn,{},{},{},,{},,active confidence is not low for two consecutive frames,0.0244565217391304,0.0489130434782608,0.0599000491201877,oamp_dl,False
109,108,sample_000717.npz,15,500,original_gnn,0.6585349440574646,0.5107089790144375,0.4316964031906896,-1.0,,0,KEEP,original_gnn,{},{},{},,{},,active confidence is not low for two consecutive frames,0.0135869565217391,0.0271739130434782,0.0374692045152187,oamp_dl,False
110,109,sample_000721.npz,15,500,original_gnn,0.6978000402450562,0.964506267420389,0.6748358196792197,-1.0,,0,KEEP,original_gnn,{},{},{},,{},,active confidence is not low for two consecutive frames,0.0,0.0,0.0011354774469509,oamp_dl,False
111,110,sample_000727.npz,15,500,original_gnn,0.6947965025901794,0.9297935740680944,0.5105973488730026,-1.0,,0,KEEP,original_gnn,{},{},{},,{},,active confidence is not low for two consecutive frames,0.0,0.0,0.0029717602301388,original_gnn,True
112,111,sample_000732.npz,15,500,original_gnn,0.6776660084724426,0.731811841321449,0.27518220587788395,-1.0,,0,KEEP,original_gnn,{},{},{},,{},,active confidence is not low for two consecutive frames,0.0040760869565217,0.0081521739130434,0.0159145016223192,oamp_dl,False
113,112,sample_000747.npz,15,500,original_gnn,0.692161500453949,0.8993401449295926,0.9960072883640115,-1.0,,0,KEEP,original_gnn,{},{},{},,{},,active confidence is not low for two consecutive frames,0.0027173913043478,0.0054347826086956,0.0060305818915367,oamp_dl,False
114,113,sample_000753.npz,15,500,original_gnn,0.6015533208847046,-0.14784298177102576,0.22989504881877157,-1.0,,0,KEEP,original_gnn,{},{},{},,{},,active confidence is not low for two consecutive frames,0.0434782608695652,0.0869565217391304,0.1287752240896225,oamp_dl,False
115,114,sample_000756.npz,15,500,original_gnn,0.6453663110733032,0.35851554208318925,0.46458163894010124,-1.0,,0,KEEP,original_gnn,{},{},{},,{},,active confidence is not low for two consecutive frames,0.0244565217391304,0.0489130434782608,0.0781146436929702,pi_egnn,False
116,115,sample_000758.npz,15,500,original_gnn,0.47468024492263794,-1.6141492800732506,0.6850684397229507,-1.0,,1,KEEP,original_gnn,{},{},{},,{},,active confidence is not low for two consecutive frames,0.1304347826086956,0.2581521739130434,0.3776838481426239,original_gnn,True
117,116,sample_000762.npz,15,500,original_gnn,0.6308561563491821,0.19081777721083856,0.29082915913080176,-1.0,,0,KEEP,original_gnn,{},{},{},,{},,active confidence is not low for two consecutive frames,0.0203804347826086,0.0407608695652173,0.0675271824002265,original_gnn,True
118,117,sample_000777.npz,15,500,original_gnn,0.6782869100570679,0.7389877681070031,0.208204315211315,-1.0,,0,KEEP,original_gnn,{},{},{},,{},,active confidence is not low for two consecutive frames,0.0095108695652173,0.0190217391304347,0.0264436341822147,oamp_dl,False
119,118,sample_000783.npz,15,500,original_gnn,0.6634042859077454,0.5669852738036332,0.27454077192622267,-1.0,,0,KEEP,original_gnn,{},{},{},,{},,active confidence is not low for two consecutive frames,0.0054347826086956,0.0108695652173913,0.0259696841239929,original_gnn,True
120,119,sample_000794.npz,15,500,original_gnn,0.6500681638717651,0.4128561208056281,0.18614871125805593,-1.0,,0,KEEP,original_gnn,{},{},{},,{},,active confidence is not low for two consecutive frames,0.0135869565217391,0.0244565217391304,0.0422279722988605,oamp_dl,False
121,120,sample_000801.npz,20,500,original_gnn,0.6319259405136108,0.20318156082868669,0.9770527091718261,-1.0,,0,KEEP,original_gnn,{},{},{},,{},,active confidence is not low for two consecutive frames,0.0339673913043478,0.0679347826086956,0.1054524183273315,mmse,False
122,121,sample_000802.npz,20,500,original_gnn,0.668270468711853,0.6232250586456624,0.9832442387239102,-1.0,,0,KEEP,original_gnn,{},{},{},,{},,active confidence is not low for two consecutive frames,0.0081521739130434,0.0163043478260869,0.0239895395934581,oamp_dl,False
123,122,sample_000811.npz,20,500,original_gnn,0.6842318773269653,0.8076953554729588,0.4567515278422752,-1.0,,0,KEEP,original_gnn,{},{},{},,{},,active confidence is not low for two consecutive frames,0.0027173913043478,0.0054347826086956,0.0136762037873268,original_gnn,True
124,123,sample_000818.npz,20,500,original_gnn,0.6468537449836731,0.3757062162632316,0.8349893660743629,-1.0,,0,KEEP,original_gnn,{},{},{},,{},,active confidence is not low for two consecutive frames,0.0190217391304347,0.0380434782608695,0.067680686712265,oamp_dl,False
125,124,sample_000821.npz,20,500,original_gnn,0.6635912656784058,0.5691462493557387,1.3781072904917904,-1.0,,0,KEEP,original_gnn,{},{},{},,{},,active confidence is not low for two consecutive frames,0.0013586956521739,0.0027173913043478,0.0131699377670884,original_gnn,True
126,125,sample_000834.npz,20,500,original_gnn,0.6024579405784607,-0.13738804840975535,0.19672608085672144,-1.0,,0,KEEP,original_gnn,{},{},{},,{},,active confidence is not low for two consecutive frames,0.0516304347826086,0.1032608695652173,0.1582750976085662,oamp_dl,False
127,126,sample_000835.npz,20,500,original_gnn,0.5817337036132812,-0.3769036348264986,0.1854244021887106,-1.0,,0,KEEP,original_gnn,{},{},{},,{},,active confidence is not low for two consecutive frames,0.0339673913043478,0.0652173913043478,0.102030225098133,oamp_dl,False
128,127,sample_000843.npz,20,500,original_gnn,0.6318497061729431,0.20230050002819483,0.25661589199615825,-1.0,,0,KEEP,original_gnn,{},{},{},,{},,active confidence is not low for two consecutive frames,0.0203804347826086,0.0407608695652173,0.0624413974583148,oamp_dl,False
129,128,sample_000860.npz,20,500,original_gnn,0.6424251794815063,0.3245240924041666,0.49147606176712016,-1.0,,0,KEEP,original_gnn,{},{},{},,{},,active confidence is not low for two consecutive frames,0.0013586956521739,0.0027173913043478,0.0190945472568273,oamp_dl,False
130,129,sample_000865.npz,20,500,original_gnn,0.6556895971298218,0.47782453848818285,0.3830080456963469,-1.0,,0,KEEP,original_gnn,{},{},{},,{},,active confidence is not low for two consecutive frames,0.0163043478260869,0.029891304347826,0.0581755675375461,oamp_dl,False
131,130,sample_000871.npz,20,500,original_gnn,0.6950119733810425,0.9322838280116268,1.315808307484136,-1.0,,0,KEEP,original_gnn,{},{},{},,{},,active confidence is not low for two consecutive frames,0.0,0.0,0.0015355936484411,oamp_dl,False
132,131,sample_000874.npz,20,500,original_gnn,0.6868980526924133,0.8385090620146328,0.8959393605438747,-1.0,,0,KEEP,original_gnn,{},{},{},,{},,active confidence is not low for two consecutive frames,0.0013586956521739,0.0027173913043478,0.0060649220831692,oamp_dl,False
133,132,sample_000884.npz,20,500,original_gnn,0.6976214051246643,0.9624417332381575,1.4977128447046792,-1.0,,0,KEEP,original_gnn,{},{},{},,{},,active confidence is not low for two consecutive frames,0.0,0.0,0.0012739899102598,oamp_dl,False
134,133,sample_000886.npz,20,500,original_gnn,0.5564006567001343,-0.6696844786915854,0.2763775121778434,-1.0,,0,KEEP,original_gnn,{},{},{},,{},,active confidence is not low for two consecutive frames,0.0407608695652173,0.0815217391304347,0.117480494081974,oamp_dl,False
135,134,sample_000888.npz,20,500,original_gnn,0.6979889273643494,0.9666892867141801,1.5311718420490104,-1.0,,0,KEEP,original_gnn,{},{},{},,{},,active confidence is not low for two consecutive frames,0.0,0.0,0.0014281651237979,oamp_dl,False
