sample_index,active_model_after,snr_db,velocity_kmh,receiver,ber,ser,nmse,best_ber_receiver,best_ber,selected_is_best_ber
0,oamp_dl,10,30,oamp_dl,0.0475543478260869,0.092391304347826,0.1581436348833167,oamp_dl,0.0475543478260869,True
1,oamp_dl,10,30,oamp_dl,0.0054347826086956,0.0108695652173913,0.0240786776916899,oamp_dl,0.0054347826086956,True
2,oamp_dl,10,30,oamp_dl,0.0163043478260869,0.0326086956521739,0.0572634846869078,oamp_dl,0.0163043478260869,True
3,oamp_dl,10,30,oamp_dl,0.0380434782608695,0.0733695652173913,0.1230590277306813,pi_egnn,0.0353260869565217,False
4,oamp_dl,10,30,oamp_dl,0.0095108695652173,0.0190217391304347,0.0248353177834048,oamp_dl,0.0095108695652173,True
5,oamp_dl,10,30,oamp_dl,0.0869565217391304,0.1684782608695652,0.2631943125393238,original_gnn,0.0815217391304347,False
6,oamp_dl,10,30,oamp_dl,0.0760869565217391,0.1467391304347826,0.23345678655106,original_gnn,0.0706521739130434,False
7,oamp_dl,10,30,oamp_dl,0.1263586956521739,0.2445652173913043,0.3898755090203993,oamp_dl,0.1263586956521739,True
8,oamp_dl,10,30,oamp_dl,0.0434782608695652,0.0869565217391304,0.132758554262466,oamp_dl,0.0434782608695652,True
9,oamp_dl,10,30,oamp_dl,0.1304347826086956,0.2418478260869565,0.3957662929848832,oamp_dl,0.1304347826086956,True
10,oamp_dl,10,30,oamp_dl,0.0516304347826086,0.0978260869565217,0.1577893253330009,oamp_dl,0.0516304347826086,True
11,oamp_dl,10,30,oamp_dl,0.0706521739130434,0.1358695652173913,0.2093001122592071,original_gnn,0.0692934782608695,False
12,oamp_dl,10,30,oamp_dl,0.1073369565217391,0.2065217391304347,0.3600105578372881,oamp_dl,0.1073369565217391,True
13,oamp_dl,10,30,oamp_dl,0.0896739130434782,0.1684782608695652,0.2825421210476462,oamp_dl,0.0896739130434782,True
14,oamp_dl,10,30,oamp_dl,0.0,0.0,0.0020728744986619,oamp_dl,0.0,True
15,oamp_dl,15,30,oamp_dl,0.0122282608695652,0.0244565217391304,0.0390505143408777,oamp_dl,0.0122282608695652,True
16,oamp_dl,15,30,oamp_dl,0.0597826086956521,0.1168478260869565,0.1774313103339084,oamp_dl,0.0597826086956521,True
17,oamp_dl,15,30,oamp_dl,0.014945652173913,0.0271739130434782,0.0515102717374749,oamp_dl,0.014945652173913,True
18,oamp_dl,15,30,oamp_dl,0.0,0.0,0.0005492384699951,oamp_dl,0.0,True
19,oamp_dl,15,30,oamp_dl,0.0108695652173913,0.0217391304347826,0.035571278717883,oamp_dl,0.0108695652173913,True
20,oamp_dl,15,30,oamp_dl,0.1304347826086956,0.2472826086956521,0.3862372134079094,pi_egnn,0.1182065217391304,False
21,oamp_dl,15,30,oamp_dl,0.0040760869565217,0.0081521739130434,0.0220494353525537,oamp_dl,0.0040760869565217,True
22,oamp_dl,15,30,oamp_dl,0.0176630434782608,0.0353260869565217,0.0538115016865881,oamp_dl,0.0176630434782608,True
23,oamp_dl,15,30,oamp_dl,0.0,0.0,0.0007558474065638,oamp_dl,0.0,True
24,oamp_dl,15,30,oamp_dl,0.0339673913043478,0.0652173913043478,0.1145093597263295,oamp_dl,0.0339673913043478,True
25,oamp_dl,15,30,oamp_dl,0.0230978260869565,0.0434782608695652,0.0796731424240396,oamp_dl,0.0230978260869565,True
26,oamp_dl,15,30,oamp_dl,0.0883152173913043,0.1657608695652173,0.253538863183126,oamp_dl,0.0883152173913043,True
27,oamp_dl,15,30,oamp_dl,0.0067934782608695,0.0135869565217391,0.0305839854526871,oamp_dl,0.0067934782608695,True
28,oamp_dl,15,30,oamp_dl,0.0896739130434782,0.1739130434782608,0.3382067822761302,pi_egnn,0.0869565217391304,False
29,oamp_dl,15,30,oamp_dl,0.0027173913043478,0.0054347826086956,0.0058795886520643,oamp_dl,0.0027173913043478,True
30,oamp_dl,20,30,oamp_dl,0.0108695652173913,0.0217391304347826,0.0360183827530815,original_gnn,0.0054347826086956,False
31,oamp_dl,20,30,oamp_dl,0.0067934782608695,0.0135869565217391,0.0338403553042766,oamp_dl,0.0067934782608695,True
32,oamp_dl,20,30,oamp_dl,0.0421195652173913,0.0788043478260869,0.1346027535143557,oamp_dl,0.0421195652173913,True
33,oamp_dl,20,30,oamp_dl,0.0489130434782608,0.0978260869565217,0.1361543857943857,original_gnn,0.0407608695652173,False
34,oamp_dl,20,30,oamp_dl,0.0081521739130434,0.0163043478260869,0.024414456441141,oamp_dl,0.0081521739130434,True
35,oamp_dl,20,30,oamp_dl,0.0081521739130434,0.0163043478260869,0.0303715890010557,oamp_dl,0.0081521739130434,True
36,oamp_dl,20,30,oamp_dl,0.0163043478260869,0.029891304347826,0.056941606431552,oamp_dl,0.0163043478260869,True
37,oamp_dl,20,30,oamp_dl,0.0,0.0,0.003148136533763,oamp_dl,0.0,True
38,oamp_dl,20,30,oamp_dl,0.0027173913043478,0.0054347826086956,0.0089669445009555,oamp_dl,0.0027173913043478,True
39,oamp_dl,20,30,oamp_dl,0.1182065217391304,0.2201086956521739,0.3603447742947592,oamp_dl,0.1182065217391304,True
40,oamp_dl,20,30,oamp_dl,0.0,0.0,0.0010211949411576,oamp_dl,0.0,True
41,oamp_dl,20,30,oamp_dl,0.0163043478260869,0.0326086956521739,0.0416012428307305,oamp_dl,0.0163043478260869,True
42,oamp_dl,20,30,oamp_dl,0.0434782608695652,0.0842391304347826,0.1477492189731964,oamp_dl,0.0434782608695652,True
43,oamp_dl,20,30,oamp_dl,0.0081521739130434,0.0163043478260869,0.025012487785667,pi_egnn,0.0054347826086956,False
44,oamp_dl,20,30,oamp_dl,0.0040760869565217,0.0081521739130434,0.0135333951270093,oamp_dl,0.0040760869565217,True
45,oamp_dl,10,120,oamp_dl,0.0040760869565217,0.0081521739130434,0.0244474096455205,oamp_dl,0.0040760869565217,True
46,oamp_dl,10,120,oamp_dl,0.0176630434782608,0.0326086956521739,0.0592489192872041,oamp_dl,0.0176630434782608,True
47,oamp_dl,10,120,oamp_dl,0.1032608695652173,0.1983695652173913,0.2977586635219991,oamp_dl,0.1032608695652173,True
48,oamp_dl,10,120,oamp_dl,0.0543478260869565,0.1059782608695652,0.1522272166493057,oamp_dl,0.0543478260869565,True
49,oamp_dl,10,120,oamp_dl,0.1209239130434782,0.233695652173913,0.4142181793230289,oamp_dl,0.1209239130434782,True
50,original_gnn,10,120,original_gnn,0.0407608695652173,0.0760869565217391,0.1305999606847763,pi_egnn,0.0394021739130434,False
51,original_gnn,10,120,original_gnn,0.0244565217391304,0.0489130434782608,0.0743640139698982,oamp_dl,0.0176630434782608,False
52,original_gnn,10,120,original_gnn,0.0108695652173913,0.0217391304347826,0.030008090659976,oamp_dl,0.0108695652173913,False
53,original_gnn,10,120,original_gnn,0.0570652173913043,0.1059782608695652,0.1721197813749313,original_gnn,0.0570652173913043,True
54,original_gnn,10,120,original_gnn,0.03125,0.0597826086956521,0.091176301240921,oamp_dl,0.0271739130434782,False
55,original_gnn,10,120,original_gnn,0.0244565217391304,0.046195652173913,0.0769205763936042,oamp_dl,0.0217391304347826,False
56,original_gnn,10,120,original_gnn,0.0027173913043478,0.0054347826086956,0.0146950045600533,pi_egnn,0.0013586956521739,False
57,original_gnn,10,120,original_gnn,0.1195652173913043,0.2255434782608695,0.3413704335689544,pi_egnn,0.1182065217391304,False
58,original_gnn,10,120,original_gnn,0.0,0.0,0.0014406041009351,oamp_dl,0.0,False
59,original_gnn,10,120,original_gnn,0.0475543478260869,0.092391304347826,0.1425842940807342,oamp_dl,0.029891304347826,False
60,original_gnn,15,120,original_gnn,0.0380434782608695,0.0760869565217391,0.1249869838356971,original_gnn,0.0380434782608695,True
61,original_gnn,15,120,original_gnn,0.1331521739130435,0.2527173913043478,0.3679727911949157,oamp_dl,0.125,False
62,original_gnn,15,120,original_gnn,0.0285326086956521,0.0543478260869565,0.0935941264033317,oamp_dl,0.0244565217391304,False
63,original_gnn,15,120,original_gnn,0.0529891304347826,0.1032608695652173,0.1659682542085647,oamp_dl,0.0516304347826086,False
64,original_gnn,15,120,original_gnn,0.0244565217391304,0.0434782608695652,0.0759473294019699,oamp_dl,0.0230978260869565,False
65,original_gnn,15,120,original_gnn,0.0353260869565217,0.0706521739130434,0.1199958398938179,original_gnn,0.0353260869565217,True
66,original_gnn,15,120,original_gnn,0.0054347826086956,0.0108695652173913,0.0213437583297491,oamp_dl,0.0040760869565217,False
67,original_gnn,15,120,original_gnn,0.0597826086956521,0.1168478260869565,0.2168080955743789,oamp_dl,0.0394021739130434,False
68,original_gnn,15,120,original_gnn,0.0339673913043478,0.0679347826086956,0.11231130361557,original_gnn,0.0339673913043478,True
69,original_gnn,15,120,original_gnn,0.2350543478260869,0.4184782608695652,0.6348501443862915,mmse,0.217391304347826,False
70,original_gnn,15,120,original_gnn,0.0230978260869565,0.0434782608695652,0.0782463476061821,mmse,0.0135869565217391,False
71,original_gnn,15,120,original_gnn,0.0027173913043478,0.0054347826086956,0.0097516141831874,pi_egnn,0.0013586956521739,False
72,original_gnn,15,120,original_gnn,0.0502717391304347,0.1005434782608695,0.1559121161699295,original_gnn,0.0502717391304347,True
73,original_gnn,15,120,original_gnn,0.0230978260869565,0.0434782608695652,0.0736754983663559,oamp_dl,0.0135869565217391,False
74,original_gnn,15,120,original_gnn,0.0339673913043478,0.0652173913043478,0.1048375517129898,oamp_dl,0.0203804347826086,False
75,original_gnn,20,120,original_gnn,0.0013586956521739,0.0027173913043478,0.00987452827394,original_gnn,0.0013586956521739,True
76,original_gnn,20,120,original_gnn,0.0013586956521739,0.0027173913043478,0.0053540244698524,original_gnn,0.0013586956521739,True
77,original_gnn,20,120,original_gnn,0.0122282608695652,0.0244565217391304,0.0356243476271629,oamp_dl,0.0054347826086956,False
78,original_gnn,20,120,original_gnn,0.0271739130434782,0.0516304347826086,0.0787905976176261,oamp_dl,0.0081521739130434,False
79,original_gnn,20,120,original_gnn,0.0190217391304347,0.0353260869565217,0.0782759338617324,original_gnn,0.0190217391304347,True
80,original_gnn,20,120,original_gnn,0.0108695652173913,0.0190217391304347,0.0333005115389823,oamp_dl,0.0067934782608695,False
81,original_gnn,20,120,original_gnn,0.0176630434782608,0.0353260869565217,0.059088472276926,oamp_dl,0.014945652173913,False
82,original_gnn,20,120,original_gnn,0.0434782608695652,0.0842391304347826,0.1432454586029052,oamp_dl,0.0407608695652173,False
83,original_gnn,20,120,original_gnn,0.0067934782608695,0.0135869565217391,0.0223560109734535,oamp_dl,0.0067934782608695,False
84,original_gnn,20,120,original_gnn,0.0081521739130434,0.0135869565217391,0.0240561887621879,oamp_dl,0.0,False
85,original_gnn,20,120,original_gnn,0.0230978260869565,0.046195652173913,0.072237953543663,oamp_dl,0.0108695652173913,False
86,original_gnn,20,120,original_gnn,0.0122282608695652,0.0244565217391304,0.0399780012667179,oamp_dl,0.0027173913043478,False
87,original_gnn,20,120,original_gnn,0.0095108695652173,0.0190217391304347,0.0209417287260293,original_gnn,0.0095108695652173,True
88,original_gnn,20,120,original_gnn,0.0135869565217391,0.0271739130434782,0.0408297330141067,oamp_dl,0.0081521739130434,False
89,original_gnn,20,120,original_gnn,0.0489130434782608,0.0951086956521739,0.143363669514656,oamp_dl,0.03125,False
90,original_gnn,10,500,original_gnn,0.0203804347826086,0.0407608695652173,0.0568699054419994,oamp_dl,0.0108695652173913,False
91,original_gnn,10,500,original_gnn,0.0040760869565217,0.0081521739130434,0.0106900995597243,oamp_dl,0.0,False
92,original_gnn,10,500,original_gnn,0.0625,0.1195652173913043,0.1756956428289413,original_gnn,0.0625,True
93,original_gnn,10,500,original_gnn,0.0747282608695652,0.1440217391304347,0.2428720146417617,original_gnn,0.0747282608695652,True
94,original_gnn,10,500,original_gnn,0.0258152173913043,0.0516304347826086,0.0781569108366966,oamp_dl,0.0217391304347826,False
95,original_gnn,10,500,original_gnn,0.0176630434782608,0.0353260869565217,0.0528832599520683,oamp_dl,0.0122282608695652,False
96,original_gnn,10,500,original_gnn,0.0190217391304347,0.0380434782608695,0.0599096491932868,pi_egnn,0.0176630434782608,False
97,original_gnn,10,500,original_gnn,0.0502717391304347,0.0978260869565217,0.1605947613716125,pi_egnn,0.0489130434782608,False
98,original_gnn,10,500,original_gnn,0.0557065217391304,0.1114130434782608,0.1566778123378753,oamp_dl,0.0529891304347826,False
99,original_gnn,10,500,original_gnn,0.0896739130434782,0.1766304347826087,0.2628395557403564,oamp_dl,0.0828804347826086,False
100,original_gnn,10,500,original_gnn,0.1263586956521739,0.2364130434782608,0.3509688973426819,mmse,0.1182065217391304,False
101,original_gnn,10,500,original_gnn,0.0842391304347826,0.1603260869565217,0.2504653632640838,oamp_dl,0.0828804347826086,False
102,original_gnn,10,500,original_gnn,0.0244565217391304,0.046195652173913,0.0835938826203346,oamp_dl,0.0244565217391304,False
103,original_gnn,10,500,original_gnn,0.0394021739130434,0.0788043478260869,0.1011081337928772,oamp_dl,0.0230978260869565,False
104,original_gnn,10,500,original_gnn,0.0421195652173913,0.0788043478260869,0.13080795109272,original_gnn,0.0421195652173913,True
105,original_gnn,15,500,original_gnn,0.0584239130434782,0.1168478260869565,0.1810272634029388,original_gnn,0.0584239130434782,True
106,original_gnn,15,500,original_gnn,0.029891304347826,0.0570652173913043,0.109454371035099,oamp_dl,0.0190217391304347,False
107,original_gnn,15,500,original_gnn,0.0244565217391304,0.0489130434782608,0.0599000491201877,oamp_dl,0.0067934782608695,False
108,original_gnn,15,500,original_gnn,0.0135869565217391,0.0271739130434782,0.0374692045152187,oamp_dl,0.0067934782608695,False
109,original_gnn,15,500,original_gnn,0.0,0.0,0.0011354774469509,oamp_dl,0.0,False
110,original_gnn,15,500,original_gnn,0.0,0.0,0.0029717602301388,original_gnn,0.0,True
111,original_gnn,15,500,original_gnn,0.0040760869565217,0.0081521739130434,0.0159145016223192,oamp_dl,0.0013586956521739,False
112,original_gnn,15,500,original_gnn,0.0027173913043478,0.0054347826086956,0.0060305818915367,oamp_dl,0.0,False
113,original_gnn,15,500,original_gnn,0.0434782608695652,0.0869565217391304,0.1287752240896225,oamp_dl,0.0258152173913043,False
114,original_gnn,15,500,original_gnn,0.0244565217391304,0.0489130434782608,0.0781146436929702,pi_egnn,0.0230978260869565,False
115,original_gnn,15,500,original_gnn,0.1304347826086956,0.2581521739130434,0.3776838481426239,original_gnn,0.1304347826086956,True
116,original_gnn,15,500,original_gnn,0.0203804347826086,0.0407608695652173,0.0675271824002265,original_gnn,0.0203804347826086,True
117,original_gnn,15,500,original_gnn,0.0095108695652173,0.0190217391304347,0.0264436341822147,oamp_dl,0.0027173913043478,False
118,original_gnn,15,500,original_gnn,0.0054347826086956,0.0108695652173913,0.0259696841239929,original_gnn,0.0054347826086956,True
119,original_gnn,15,500,original_gnn,0.0135869565217391,0.0244565217391304,0.0422279722988605,oamp_dl,0.0054347826086956,False
120,original_gnn,20,500,original_gnn,0.0339673913043478,0.0679347826086956,0.1054524183273315,mmse,0.0258152173913043,False
121,original_gnn,20,500,original_gnn,0.0081521739130434,0.0163043478260869,0.0239895395934581,oamp_dl,0.0040760869565217,False
122,original_gnn,20,500,original_gnn,0.0027173913043478,0.0054347826086956,0.0136762037873268,original_gnn,0.0027173913043478,True
123,original_gnn,20,500,original_gnn,0.0190217391304347,0.0380434782608695,0.067680686712265,oamp_dl,0.0135869565217391,False
124,original_gnn,20,500,original_gnn,0.0013586956521739,0.0027173913043478,0.0131699377670884,original_gnn,0.0013586956521739,True
125,original_gnn,20,500,original_gnn,0.0516304347826086,0.1032608695652173,0.1582750976085662,oamp_dl,0.0190217391304347,False
126,original_gnn,20,500,original_gnn,0.0339673913043478,0.0652173913043478,0.102030225098133,oamp_dl,0.0163043478260869,False
127,original_gnn,20,500,original_gnn,0.0203804347826086,0.0407608695652173,0.0624413974583148,oamp_dl,0.0176630434782608,False
128,original_gnn,20,500,original_gnn,0.0013586956521739,0.0027173913043478,0.0190945472568273,oamp_dl,0.0,False
129,original_gnn,20,500,original_gnn,0.0163043478260869,0.029891304347826,0.0581755675375461,oamp_dl,0.014945652173913,False
130,original_gnn,20,500,original_gnn,0.0,0.0,0.0015355936484411,oamp_dl,0.0,False
131,original_gnn,20,500,original_gnn,0.0013586956521739,0.0027173913043478,0.0060649220831692,oamp_dl,0.0,False
132,original_gnn,20,500,original_gnn,0.0,0.0,0.0012739899102598,oamp_dl,0.0,False
133,original_gnn,20,500,original_gnn,0.0407608695652173,0.0815217391304347,0.117480494081974,oamp_dl,0.0230978260869565,False
134,original_gnn,20,500,original_gnn,0.0,0.0,0.0014281651237979,oamp_dl,0.0,False
