sample_index,snr_db,velocity_kmh,pi_egnn_ber,pi_egnn_ser,pi_egnn_nmse,original_gnn_ber,original_gnn_ser,original_gnn_nmse,oamp_dl_ber,oamp_dl_ser,oamp_dl_nmse
0,10,30,0.06521739130434782,0.12228260869565218,0.20751067996025085,0.0529891304347826,0.1032608695652173,0.164882630109787,0.0475543478260869,0.092391304347826,0.1581436348833167
1,10,30,0.012228260869565218,0.024456521739130436,0.031011097133159637,0.0095108695652173,0.0190217391304347,0.0307107158005237,0.0054347826086956,0.0108695652173913,0.0240786776916899
2,10,30,0.025815217391304348,0.051630434782608696,0.0767369419336319,0.0176630434782608,0.0353260869565217,0.0632799342274665,0.0163043478260869,0.0326086956521739,0.0572634846869078
3,10,30,0.035326086956521736,0.06793478260869565,0.1183217391371727,0.0380434782608695,0.0733695652173913,0.1237639263272285,0.0380434782608695,0.0733695652173913,0.1230590277306813
4,10,30,0.02717391304347826,0.05434782608695652,0.08580774813890457,0.0217391304347826,0.0434782608695652,0.0657677575945854,0.0095108695652173,0.0190217391304347,0.0248353177834048
5,10,30,0.09510869565217392,0.18478260869565216,0.294534832239151,0.0815217391304347,0.154891304347826,0.2664120495319366,0.0869565217391304,0.1684782608695652,0.2631943125393238
6,10,30,0.07336956521739131,0.13858695652173914,0.22640594840049744,0.0706521739130434,0.1331521739130435,0.2254781723022461,0.0760869565217391,0.1467391304347826,0.23345678655106
7,10,30,0.1358695652173913,0.2608695652173913,0.3970453441143036,0.1331521739130435,0.25,0.3917303681373596,0.1263586956521739,0.2445652173913043,0.3898755090203993
8,10,30,0.05298913043478261,0.10597826086956522,0.17279690504074097,0.0652173913043478,0.1304347826086956,0.1799144893884658,0.0434782608695652,0.0869565217391304,0.132758554262466
9,10,30,0.14266304347826086,0.266304347826087,0.39170321822166443,0.1317934782608695,0.2418478260869565,0.3927630484104156,0.1304347826086956,0.2418478260869565,0.3957662929848832
10,10,30,0.06385869565217392,0.125,0.19733509421348572,0.0570652173913043,0.108695652173913,0.1612698584794998,0.0516304347826086,0.0978260869565217,0.1577893253330009
11,10,30,0.07608695652173914,0.14402173913043478,0.21756312251091003,0.0692934782608695,0.1358695652173913,0.2024622559547424,0.0706521739130434,0.1358695652173913,0.2093001122592071
12,10,30,0.11005434782608696,0.21467391304347827,0.3466801643371582,0.1127717391304347,0.2119565217391304,0.3583927452564239,0.1073369565217391,0.2065217391304347,0.3600105578372881
13,10,30,0.10326086956521739,0.1956521739130435,0.31017881631851196,0.09375,0.1739130434782608,0.290864884853363,0.0896739130434782,0.1684782608695652,0.2825421210476462
14,10,30,0.001358695652173913,0.002717391304347826,0.005684831645339727,0.0,0.0,0.001295490656048,0.0,0.0,0.0020728744986619
15,15,30,0.017663043478260868,0.035326086956521736,0.060974981635808945,0.0203804347826086,0.0407608695652173,0.0641442313790321,0.0122282608695652,0.0244565217391304,0.0390505143408777
16,15,30,0.07336956521739131,0.14130434782608695,0.23187768459320068,0.0652173913043478,0.125,0.1993216574192047,0.0597826086956521,0.1168478260869565,0.1774313103339084
17,15,30,0.016304347826086956,0.029891304347826088,0.054042749106884,0.0176630434782608,0.0326086956521739,0.0594620965421199,0.014945652173913,0.0271739130434782,0.0515102717374749
18,15,30,0.001358695652173913,0.002717391304347826,0.005835114512592554,0.0013586956521739,0.0027173913043478,0.0045297439210116,0.0,0.0,0.0005492384699951
19,15,30,0.024456521739130436,0.04891304347826087,0.07408220320940018,0.014945652173913,0.029891304347826,0.0462825633585453,0.0108695652173913,0.0217391304347826,0.035571278717883
20,15,30,0.11820652173913043,0.21739130434782608,0.36569198966026306,0.1277173913043478,0.2391304347826087,0.3744359612464905,0.1304347826086956,0.2472826086956521,0.3862372134079094
21,15,30,0.010869565217391304,0.021739130434782608,0.043952468782663345,0.0217391304347826,0.0434782608695652,0.0533324591815471,0.0040760869565217,0.0081521739130434,0.0220494353525537
22,15,30,0.021739130434782608,0.043478260869565216,0.07191362231969833,0.0244565217391304,0.0489130434782608,0.0638396814465522,0.0176630434782608,0.0353260869565217,0.0538115016865881
23,15,30,0.002717391304347826,0.005434782608695652,0.006976929027587175,0.0,0.0,0.0019630666356533,0.0,0.0,0.0007558474065638
24,15,30,0.04891304347826087,0.08695652173913043,0.14697584509849548,0.0475543478260869,0.0869565217391304,0.1379385739564895,0.0339673913043478,0.0652173913043478,0.1145093597263295
25,15,30,0.04483695652173913,0.08967391304347826,0.12836624681949615,0.03125,0.0597826086956521,0.1077215448021888,0.0230978260869565,0.0434782608695652,0.0796731424240396
26,15,30,0.09103260869565218,0.17119565217391305,0.2910371422767639,0.0910326086956521,0.1684782608695652,0.2655969858169555,0.0883152173913043,0.1657608695652173,0.253538863183126
27,15,30,0.01358695652173913,0.02717391304347826,0.04064282402396202,0.0163043478260869,0.0326086956521739,0.0529619976878166,0.0067934782608695,0.0135869565217391,0.0305839854526871
28,15,30,0.08695652173913043,0.17119565217391305,0.2887692451477051,0.0978260869565217,0.1902173913043478,0.2723495066165924,0.0896739130434782,0.1739130434782608,0.3382067822761302
29,15,30,0.002717391304347826,0.005434782608695652,0.008884303271770477,0.0027173913043478,0.0054347826086956,0.0056698261760175,0.0027173913043478,0.0054347826086956,0.0058795886520643
30,20,30,0.019021739130434784,0.03804347826086957,0.056641582399606705,0.0054347826086956,0.0108695652173913,0.0235576257109642,0.0108695652173913,0.0217391304347826,0.0360183827530815
31,20,30,0.019021739130434784,0.03804347826086957,0.05687157064676285,0.0190217391304347,0.0380434782608695,0.0563741363584995,0.0067934782608695,0.0135869565217391,0.0338403553042766
32,20,30,0.05434782608695652,0.10597826086956522,0.1765379011631012,0.0434782608695652,0.0842391304347826,0.148152470588684,0.0421195652173913,0.0788043478260869,0.1346027535143557
33,20,30,0.043478260869565216,0.08695652173913043,0.13299666345119476,0.0407608695652173,0.0815217391304347,0.1108709499239921,0.0489130434782608,0.0978260869565217,0.1361543857943857
34,20,30,0.016304347826086956,0.029891304347826088,0.056737449020147324,0.0108695652173913,0.0217391304347826,0.0316564664244651,0.0081521739130434,0.0163043478260869,0.024414456441141
35,20,30,0.017663043478260868,0.035326086956521736,0.05602724105119705,0.0190217391304347,0.0353260869565217,0.0597320646047592,0.0081521739130434,0.0163043478260869,0.0303715890010557
36,20,30,0.03260869565217391,0.06521739130434782,0.11003343015909195,0.0203804347826086,0.0407608695652173,0.0751417130231857,0.0163043478260869,0.029891304347826,0.056941606431552
37,20,30,0.004076086956521739,0.008152173913043478,0.012481975369155407,0.0027173913043478,0.0054347826086956,0.0132506554946303,0.0,0.0,0.003148136533763
38,20,30,0.006793478260869565,0.01358695652173913,0.022318746894598007,0.0027173913043478,0.0054347826086956,0.0116563215851783,0.0027173913043478,0.0054347826086956,0.0089669445009555
39,20,30,0.12092391304347826,0.22554347826086957,0.3576292395591736,0.1222826086956521,0.2309782608695652,0.3611997067928314,0.1182065217391304,0.2201086956521739,0.3603447742947592
40,20,30,0.0,0.0,0.0011777699692174792,0.0,0.0,0.0011029042070731,0.0,0.0,0.0010211949411576
41,20,30,0.036684782608695655,0.07336956521739131,0.11768908053636551,0.0230978260869565,0.046195652173913,0.0856595933437347,0.0163043478260869,0.0326086956521739,0.0416012428307305
42,20,30,0.04891304347826087,0.09782608695652174,0.150249645113945,0.046195652173913,0.092391304347826,0.1502327471971511,0.0434782608695652,0.0842391304347826,0.1477492189731964
43,20,30,0.005434782608695652,0.010869565217391304,0.019772298634052277,0.0067934782608695,0.0135869565217391,0.0218497645109891,0.0081521739130434,0.0163043478260869,0.025012487785667
44,20,30,0.008152173913043478,0.016304347826086956,0.030763117596507072,0.0054347826086956,0.0108695652173913,0.0202106982469558,0.0040760869565217,0.0081521739130434,0.0135333951270093
45,10,120,0.014945652173913044,0.029891304347826088,0.0465959832072258,0.0176630434782608,0.0353260869565217,0.0465221554040908,0.0040760869565217,0.0081521739130434,0.0244474096455205
46,10,120,0.02309782608695652,0.043478260869565216,0.06374061852693558,0.0176630434782608,0.0326086956521739,0.0601823776960372,0.0176630434782608,0.0326086956521739,0.0592489192872041
47,10,120,0.11141304347826086,0.21739130434782608,0.3235621750354767,0.1141304347826086,0.2146739130434782,0.3143752515316009,0.1032608695652173,0.1983695652173913,0.2977586635219991
48,10,120,0.06114130434782609,0.12228260869565218,0.19292065501213074,0.0597826086956521,0.1114130434782608,0.1790477186441421,0.0543478260869565,0.1059782608695652,0.1522272166493057
49,10,120,0.12364130434782608,0.2418478260869565,0.39074212312698364,0.1222826086956521,0.233695652173913,0.3936167359352112,0.1209239130434782,0.233695652173913,0.4142181793230289
50,10,120,0.03940217391304348,0.07608695652173914,0.12449932843446732,0.0407608695652173,0.0760869565217391,0.1305999606847763,0.046195652173913,0.0896739130434782,0.1414388450476828
51,10,120,0.021739130434782608,0.043478260869565216,0.07096657156944275,0.0244565217391304,0.0489130434782608,0.0743640139698982,0.0176630434782608,0.0353260869565217,0.0566225037588717
52,10,120,0.01358695652173913,0.02717391304347826,0.03490828350186348,0.0108695652173913,0.0217391304347826,0.030008090659976,0.0108695652173913,0.0217391304347826,0.0287555936311121
53,10,120,0.06929347826086957,0.1358695652173913,0.20064862072467804,0.0570652173913043,0.1059782608695652,0.1721197813749313,0.061141304347826,0.1195652173913043,0.1748873520509257
54,10,120,0.04483695652173913,0.08967391304347826,0.12173311412334442,0.03125,0.0597826086956521,0.091176301240921,0.0271739130434782,0.0516304347826086,0.0813254851025315
55,10,120,0.03260869565217391,0.06521739130434782,0.09952665865421295,0.0244565217391304,0.046195652173913,0.0769205763936042,0.0217391304347826,0.0434782608695652,0.0643481398763103
56,10,120,0.001358695652173913,0.002717391304347826,0.014782078564167023,0.0027173913043478,0.0054347826086956,0.0146950045600533,0.0040760869565217,0.0081521739130434,0.0142007578388943
57,10,120,0.11820652173913043,0.22282608695652173,0.3430905044078827,0.1195652173913043,0.2255434782608695,0.3413704335689544,0.1209239130434782,0.2228260869565217,0.3339405176951264
58,10,120,0.001358695652173913,0.002717391304347826,0.005112906452268362,0.0,0.0,0.0014406041009351,0.0,0.0,0.0016724853291763
59,10,120,0.04076086956521739,0.08152173913043478,0.13765129446983337,0.0475543478260869,0.092391304347826,0.1425842940807342,0.029891304347826,0.0597826086956521,0.0982847793997178
60,15,120,0.043478260869565216,0.08695652173913043,0.14392977952957153,0.0380434782608695,0.0760869565217391,0.1249869838356971,0.0407608695652173,0.0815217391304347,0.1170428330355042
61,15,120,0.14130434782608695,0.2608695652173913,0.3884298801422119,0.1331521739130435,0.2527173913043478,0.3679727911949157,0.125,0.2364130434782608,0.3653406098655066
62,15,120,0.03260869565217391,0.06521739130434782,0.09227234125137329,0.0285326086956521,0.0543478260869565,0.0935941264033317,0.0244565217391304,0.046195652173913,0.07556572525058
63,15,120,0.05298913043478261,0.10326086956521739,0.15846197307109833,0.0529891304347826,0.1032608695652173,0.1659682542085647,0.0516304347826086,0.1005434782608695,0.1430928765539041
64,15,120,0.02717391304347826,0.051630434782608696,0.08727564662694931,0.0244565217391304,0.0434782608695652,0.0759473294019699,0.0230978260869565,0.0434782608695652,0.0718514674039933
65,15,120,0.042119565217391304,0.08423913043478261,0.14623188972473145,0.0353260869565217,0.0706521739130434,0.1199958398938179,0.0394021739130434,0.0788043478260869,0.1121397690212498
66,15,120,0.01358695652173913,0.02717391304347826,0.04355659708380699,0.0054347826086956,0.0108695652173913,0.0213437583297491,0.0040760869565217,0.0081521739130434,0.0157373118817473
67,15,120,0.051630434782608696,0.10054347826086957,0.18404605984687805,0.0597826086956521,0.1168478260869565,0.2168080955743789,0.0394021739130434,0.0788043478260869,0.1312574948422148
68,15,120,0.04483695652173913,0.08695652173913043,0.1435859650373459,0.0339673913043478,0.0679347826086956,0.11231130361557,0.0380434782608695,0.0733695652173913,0.1055871885822932
69,15,120,0.22826086956521738,0.41304347826086957,0.637356698513031,0.2350543478260869,0.4184782608695652,0.6348501443862915,0.2214673913043478,0.3967391304347826,0.6118959593494048
70,15,120,0.016304347826086956,0.03260869565217391,0.06150265783071518,0.0230978260869565,0.0434782608695652,0.0782463476061821,0.0135869565217391,0.0271739130434782,0.0581391198730254
71,15,120,0.001358695652173913,0.002717391304347826,0.010678731836378574,0.0027173913043478,0.0054347826086956,0.0097516141831874,0.0040760869565217,0.0081521739130434,0.0132764972631866
72,15,120,0.057065217391304345,0.11413043478260869,0.17797842621803284,0.0502717391304347,0.1005434782608695,0.1559121161699295,0.0557065217391304,0.1114130434782608,0.1822074166037741
73,15,120,0.029891304347826088,0.057065217391304345,0.09072773158550262,0.0230978260869565,0.0434782608695652,0.0736754983663559,0.0135869565217391,0.0271739130434782,0.0374541552376155
74,15,120,0.03804347826086957,0.07336956521739131,0.11224537342786789,0.0339673913043478,0.0652173913043478,0.1048375517129898,0.0203804347826086,0.0407608695652173,0.0667660526401254
75,20,120,0.002717391304347826,0.005434782608695652,0.014753627590835094,0.0013586956521739,0.0027173913043478,0.00987452827394,0.0027173913043478,0.0054347826086956,0.0164357358174702
76,20,120,0.002717391304347826,0.005434782608695652,0.008583215065300465,0.0013586956521739,0.0027173913043478,0.0053540244698524,0.0108695652173913,0.0217391304347826,0.0309771669609066
77,20,120,0.014945652173913044,0.029891304347826088,0.04663907364010811,0.0122282608695652,0.0244565217391304,0.0356243476271629,0.0054347826086956,0.0108695652173913,0.0201896850979426
78,20,120,0.028532608695652172,0.057065217391304345,0.09507892280817032,0.0271739130434782,0.0516304347826086,0.0787905976176261,0.0081521739130434,0.0163043478260869,0.0253336215407035
79,20,120,0.035326086956521736,0.06793478260869565,0.09939045459032059,0.0190217391304347,0.0353260869565217,0.0782759338617324,0.0285326086956521,0.0543478260869565,0.0751778130799003
80,20,120,0.008152173913043478,0.016304347826086956,0.03345733880996704,0.0108695652173913,0.0190217391304347,0.0333005115389823,0.0067934782608695,0.0135869565217391,0.0234171856279098
81,20,120,0.024456521739130436,0.04619565217391304,0.0796678215265274,0.0176630434782608,0.0353260869565217,0.059088472276926,0.014945652173913,0.0271739130434782,0.060810034093565
82,20,120,0.06385869565217392,0.11684782608695653,0.18258291482925415,0.0434782608695652,0.0842391304347826,0.1432454586029052,0.0407608695652173,0.0788043478260869,0.1280002274740444
83,20,120,0.012228260869565218,0.024456521739130436,0.04375007748603821,0.0067934782608695,0.0135869565217391,0.0223560109734535,0.0067934782608695,0.0135869565217391,0.0174079137918708
84,20,120,0.008152173913043478,0.016304347826086956,0.02039933204650879,0.0081521739130434,0.0135869565217391,0.0240561887621879,0.0,0.0,0.0010198772602476
85,20,120,0.033967391304347824,0.06521739130434782,0.10834667086601257,0.0230978260869565,0.046195652173913,0.072237953543663,0.0108695652173913,0.0190217391304347,0.026686357767094
86,20,120,0.01358695652173913,0.02717391304347826,0.03931865468621254,0.0122282608695652,0.0244565217391304,0.0399780012667179,0.0027173913043478,0.0054347826086956,0.0084899353361114
87,20,120,0.010869565217391304,0.021739130434782608,0.0353517085313797,0.0095108695652173,0.0190217391304347,0.0209417287260293,0.0176630434782608,0.0326086956521739,0.0497471151668885
88,20,120,0.020380434782608696,0.03804347826086957,0.060054127126932144,0.0135869565217391,0.0271739130434782,0.0408297330141067,0.0081521739130434,0.0163043478260869,0.0312463418167661
89,20,120,0.043478260869565216,0.08695652173913043,0.14768566191196442,0.0489130434782608,0.0951086956521739,0.143363669514656,0.03125,0.0625,0.1022511951019924
90,10,500,0.020380434782608696,0.04076086956521739,0.05658802390098572,0.0203804347826086,0.0407608695652173,0.0568699054419994,0.0108695652173913,0.0217391304347826,0.0281709989892712
91,10,500,0.002717391304347826,0.005434782608695652,0.01235805731266737,0.0040760869565217,0.0081521739130434,0.0106900995597243,0.0,0.0,0.005835137845339
92,10,500,0.06793478260869565,0.1331521739130435,0.19871892035007477,0.0625,0.1195652173913043,0.1756956428289413,0.0692934782608695,0.1331521739130435,0.1972979878328029
93,10,500,0.08695652173913043,0.16847826086956522,0.2614597678184509,0.0747282608695652,0.1440217391304347,0.2428720146417617,0.077445652173913,0.1494565217391304,0.239125674489311
94,10,500,0.024456521739130436,0.04891304347826087,0.06801716983318329,0.0258152173913043,0.0516304347826086,0.0781569108366966,0.0217391304347826,0.0434782608695652,0.0664052502088649
95,10,500,0.01358695652173913,0.02717391304347826,0.04133044555783272,0.0176630434782608,0.0353260869565217,0.0528832599520683,0.0122282608695652,0.0244565217391304,0.0373064578104215
96,10,500,0.017663043478260868,0.035326086956521736,0.07200970500707626,0.0190217391304347,0.0380434782608695,0.0599096491932868,0.0230978260869565,0.046195652173913,0.0643069161119281
97,10,500,0.04891304347826087,0.09510869565217392,0.1528349220752716,0.0502717391304347,0.0978260869565217,0.1605947613716125,0.0502717391304347,0.0978260869565217,0.1482785848041706
98,10,500,0.05570652173913043,0.11141304347826086,0.17673780024051666,0.0557065217391304,0.1114130434782608,0.1566778123378753,0.0529891304347826,0.1059782608695652,0.1567208693822454
99,10,500,0.09239130434782608,0.1766304347826087,0.28046566247940063,0.0896739130434782,0.1766304347826087,0.2628395557403564,0.0828804347826086,0.1630434782608695,0.2810330523438134
100,10,500,0.125,0.22826086956521738,0.3627709746360779,0.1263586956521739,0.2364130434782608,0.3509688973426819,0.123641304347826,0.2364130434782608,0.3714906120272598
101,10,500,0.09782608695652174,0.18206521739130435,0.2702895402908325,0.0842391304347826,0.1603260869565217,0.2504653632640838,0.0828804347826086,0.154891304347826,0.2595897083992285
102,10,500,0.028532608695652172,0.05434782608695652,0.09015142917633057,0.0244565217391304,0.046195652173913,0.0835938826203346,0.0244565217391304,0.046195652173913,0.0779076390356773
103,10,500,0.04619565217391304,0.08967391304347826,0.12742754817008972,0.0394021739130434,0.0788043478260869,0.1011081337928772,0.0230978260869565,0.046195652173913,0.0750486549266636
104,10,500,0.051630434782608696,0.10054347826086957,0.14556726813316345,0.0421195652173913,0.0788043478260869,0.13080795109272,0.0434782608695652,0.0842391304347826,0.1262589904845782
105,15,500,0.06793478260869565,0.1331521739130435,0.2045462429523468,0.0584239130434782,0.1168478260869565,0.1810272634029388,0.0597826086956521,0.1168478260869565,0.1801978833616549
106,15,500,0.021739130434782608,0.04076086956521739,0.07145233452320099,0.029891304347826,0.0570652173913043,0.109454371035099,0.0190217391304347,0.0380434782608695,0.0610026822486647
107,15,500,0.02309782608695652,0.04619565217391304,0.0820072665810585,0.0244565217391304,0.0489130434782608,0.0599000491201877,0.0067934782608695,0.0135869565217391,0.0285831318484842
108,15,500,0.029891304347826088,0.059782608695652176,0.09022326022386551,0.0135869565217391,0.0271739130434782,0.0374692045152187,0.0067934782608695,0.0135869565217391,0.0193998929802062
109,15,500,0.0,0.0,0.0037187819834798574,0.0,0.0,0.0011354774469509,0.0,0.0,0.0041613521121354
110,15,500,0.002717391304347826,0.005434782608695652,0.007129476871341467,0.0,0.0,0.0029717602301388,0.0013586956521739,0.0027173913043478,0.0045387974628339
111,15,500,0.005434782608695652,0.010869565217391304,0.022901425138115883,0.0040760869565217,0.0081521739130434,0.0159145016223192,0.0013586956521739,0.0027173913043478,0.0049797483836841
112,15,500,0.002717391304347826,0.005434782608695652,0.011720038950443268,0.0027173913043478,0.0054347826086956,0.0060305818915367,0.0,0.0,0.004869533108511
113,15,500,0.051630434782608696,0.10054347826086957,0.15596716105937958,0.0434782608695652,0.0869565217391304,0.1287752240896225,0.0258152173913043,0.0516304347826086,0.0864173067814954
114,15,500,0.02309782608695652,0.04619565217391304,0.07778708636760712,0.0244565217391304,0.0489130434782608,0.0781146436929702,0.0271739130434782,0.0516304347826086,0.0803532548301573
115,15,500,0.1358695652173913,0.266304347826087,0.39769160747528076,0.1304347826086956,0.2581521739130434,0.3776838481426239,0.1345108695652173,0.2635869565217391,0.3945256038296527
116,15,500,0.025815217391304348,0.04891304347826087,0.0795426294207573,0.0203804347826086,0.0407608695652173,0.0675271824002265,0.0285326086956521,0.0570652173913043,0.0922115104980796
117,15,500,0.006793478260869565,0.01358695652173913,0.026189103722572327,0.0095108695652173,0.0190217391304347,0.0264436341822147,0.0027173913043478,0.0054347826086956,0.0159915696833041
118,15,500,0.010869565217391304,0.021739130434782608,0.03914489597082138,0.0054347826086956,0.0108695652173913,0.0259696841239929,0.0067934782608695,0.0135869565217391,0.017465975466839
119,15,500,0.019021739130434784,0.03804347826086957,0.05638781189918518,0.0135869565217391,0.0244565217391304,0.0422279722988605,0.0054347826086956,0.0108695652173913,0.0164778670895542
120,20,500,0.036684782608695655,0.07065217391304347,0.10635940730571747,0.0339673913043478,0.0679347826086956,0.1054524183273315,0.029891304347826,0.0570652173913043,0.0911408360590405
121,20,500,0.005434782608695652,0.010869565217391304,0.015453878790140152,0.0081521739130434,0.0163043478260869,0.0239895395934581,0.0040760869565217,0.0081521739130434,0.0153600962936874
122,20,500,0.006793478260869565,0.01358695652173913,0.023157047107815742,0.0027173913043478,0.0054347826086956,0.0136762037873268,0.0040760869565217,0.0081521739130434,0.0119137505732317
123,20,500,0.019021739130434784,0.03804347826086957,0.07310113310813904,0.0190217391304347,0.0380434782608695,0.067680686712265,0.0135869565217391,0.0271739130434782,0.038555107955737
124,20,500,0.010869565217391304,0.021739130434782608,0.038362737745046616,0.0013586956521739,0.0027173913043478,0.0131699377670884,0.0040760869565217,0.0081521739130434,0.0120406869324378
125,20,500,0.0625,0.12228260869565218,0.18819598853588104,0.0516304347826086,0.1032608695652173,0.1582750976085662,0.0190217391304347,0.0353260869565217,0.0676122445843604
126,20,500,0.050271739130434784,0.10054347826086957,0.14259572327136993,0.0339673913043478,0.0652173913043478,0.102030225098133,0.0163043478260869,0.0326086956521739,0.0466655633011367
127,20,500,0.017663043478260868,0.035326086956521736,0.0520893931388855,0.0203804347826086,0.0407608695652173,0.0624413974583148,0.0176630434782608,0.0353260869565217,0.0487691351564969
128,20,500,0.008152173913043478,0.016304347826086956,0.02681659907102585,0.0013586956521739,0.0027173913043478,0.0190945472568273,0.0,0.0,0.0011254138508023
129,20,500,0.024456521739130436,0.04619565217391304,0.0917084813117981,0.0163043478260869,0.029891304347826,0.0581755675375461,0.014945652173913,0.029891304347826,0.0473651044488007
130,20,500,0.0,0.0,0.0013185462448745966,0.0,0.0,0.0015355936484411,0.0,0.0,3.937309658976878e-05
131,20,500,0.008152173913043478,0.016304347826086956,0.021462533622980118,0.0013586956521739,0.0027173913043478,0.0060649220831692,0.0,0.0,0.0025933792140576
132,20,500,0.0,0.0,0.0016964025562629104,0.0,0.0,0.0012739899102598,0.0,0.0,6.459336864109761e-05
133,20,500,0.057065217391304345,0.11141304347826086,0.16678552329540253,0.0407608695652173,0.0815217391304347,0.117480494081974,0.0230978260869565,0.046195652173913,0.079934173567145
134,20,500,0.0,0.0,0.0008434156188741326,0.0,0.0,0.0014281651237979,0.0,0.0,0.0013552077632798
