snr_db,velocity_kmh,samples,pi_egnn_ber,pi_egnn_ber_ci95,pi_egnn_ber_ci95_low,pi_egnn_ber_ci95_high,pi_egnn_ser,pi_egnn_ser_ci95,pi_egnn_ser_ci95_low,pi_egnn_ser_ci95_high,pi_egnn_nmse,pi_egnn_nmse_ci95,pi_egnn_nmse_ci95_low,pi_egnn_nmse_ci95_high,original_gnn_ber,original_gnn_ber_ci95,original_gnn_ber_ci95_low,original_gnn_ber_ci95_high,original_gnn_ser,original_gnn_ser_ci95,original_gnn_ser_ci95_low,original_gnn_ser_ci95_high,original_gnn_nmse,original_gnn_nmse_ci95,original_gnn_nmse_ci95_low,original_gnn_nmse_ci95_high,oamp_dl_ber,oamp_dl_ber_ci95,oamp_dl_ber_ci95_low,oamp_dl_ber_ci95_high,oamp_dl_ser,oamp_dl_ser_ci95,oamp_dl_ser_ci95_low,oamp_dl_ser_ci95_high,oamp_dl_nmse,oamp_dl_nmse_ci95,oamp_dl_nmse_ci95_low,oamp_dl_nmse_ci95_high,pi_egnn_minus_original_gnn_ber,pi_egnn_minus_original_gnn_ber_ci95,pi_egnn_minus_original_gnn_ber_ci95_low,pi_egnn_minus_original_gnn_ber_ci95_high,pi_egnn_minus_original_gnn_ser,pi_egnn_minus_original_gnn_ser_ci95,pi_egnn_minus_original_gnn_ser_ci95_low,pi_egnn_minus_original_gnn_ser_ci95_high,pi_egnn_minus_original_gnn_nmse,pi_egnn_minus_original_gnn_nmse_ci95,pi_egnn_minus_original_gnn_nmse_ci95_low,pi_egnn_minus_original_gnn_nmse_ci95_high,beats_original_gnn_all_metrics,paired_ci_supports_original_gnn_all_metrics,pi_egnn_minus_oamp_dl_ber,pi_egnn_minus_oamp_dl_ber_ci95,pi_egnn_minus_oamp_dl_ber_ci95_low,pi_egnn_minus_oamp_dl_ber_ci95_high,pi_egnn_minus_oamp_dl_ser,pi_egnn_minus_oamp_dl_ser_ci95,pi_egnn_minus_oamp_dl_ser_ci95_low,pi_egnn_minus_oamp_dl_ser_ci95_high,pi_egnn_minus_oamp_dl_nmse,pi_egnn_minus_oamp_dl_nmse_ci95,pi_egnn_minus_oamp_dl_nmse_ci95_low,pi_egnn_minus_oamp_dl_nmse_ci95_high,beats_oamp_dl_all_metrics,paired_ci_supports_oamp_dl_all_metrics
10,30,15,0.06802536231884057,0.02194996972600383,0.046075392592836745,0.0899753320448444,0.13061594202898552,0.04150530886195292,0.0891106331670326,0.17212125089093844,0.20528776555632552,0.06355138976488853,0.141736375791437,0.26883915532121405,0.06367753623188402,0.021326317174861817,0.0423512190570222,0.08500385340674584,0.12101449275362315,0.03944410579061856,0.08157038696300459,0.16045859854424172,0.19459922180200614,0.06425473932187999,0.13034448248012614,0.25885396112388614,0.05996376811594198,0.02164070229450056,0.03832306582144142,0.08160447041044254,0.11503623188405793,0.040981928743189566,0.07405430314086836,0.1560181606272475,0.1876097726073291,0.06692559106457983,0.12068418154274928,0.25453536367190893,0.004347826086956567,0.0034103596481979293,0.0009374664387586376,0.007758185735154496,0.009601449275362356,0.006734352365694809,0.0028670969096675466,0.016335801641057166,0.01068854375431939,0.008166714603668926,0.002521829150650464,0.018855258357988316,False,False,0.008061594202898602,0.003229988639617224,0.004831605563281379,0.011291582842515826,0.01557971014492757,0.006418019849296934,0.009161690295630636,0.021997729994224502,0.01767799294899638,0.011481677758497767,0.006196315190498614,0.02915967070749415,False,False
10,120,15,0.04782608695652175,0.0207814915790356,0.027044595377486148,0.06860757853555735,0.09347826086956523,0.04009939014632417,0.053378870723241066,0.1335776510158894,0.14469872772072753,0.06203985229721171,0.08265887542351583,0.20673858001793924,0.04601449275362314,0.021036143893938493,0.024978348859684647,0.06705063664756164,0.08731884057971008,0.039683106604706,0.04763573397500408,0.1270019471844161,0.1379348866563911,0.062075574041930606,0.07585931261446048,0.20001046069832168,0.04266304347826082,0.021088947313765382,0.021574096164495436,0.0637519907920262,0.0820652173913043,0.03994210129145135,0.042123116099852954,0.12200731868275566,0.12955845654382717,0.06379805678760335,0.06576039975622382,0.1933565133314305,0.001811594202898598,0.0029249252957498327,-0.0011133310928512347,0.0047365194986484305,0.006159420289855115,0.0062257131564036955,-6.62928665485802e-05,0.01238513344625881,0.006763841064336444,0.006024071189790316,0.0007397698745461277,0.01278791225412676,False,False,0.0051630434782609196,0.0032271993570247735,0.001935844121236146,0.008390242835285694,0.01141304347826091,0.0064961211828429,0.004916922295418009,0.01790916466110381,0.015140271176900375,0.010171285670354325,0.00496898550654605,0.0253115568472547,False,False
10,500,15,0.051992753623188406,0.018139005608622798,0.03385374801456561,0.0701317592318112,0.09981884057971016,0.03360670901128536,0.0662121315684248,0.1334255495909955,0.15444848233213027,0.05209959000639214,0.10234889232573813,0.2065480723385224,0.04909420289855069,0.0169840638607429,0.03211013903780779,0.0660782667592936,0.094927536231884,0.0320892573438995,0.0628382788879845,0.1270167935757835,0.1449422560011347,0.04880951095413363,0.09613274504700106,0.19375176695526833,0.04655797101449271,0.017604244755664716,0.028953726258827993,0.06416221577015743,0.09021739130434779,0.03359759692624833,0.05661979437809946,0.12381498823059611,0.14231843564610502,0.05437380905221236,0.08794462659389266,0.1966922446983174,0.002898550724637726,0.0027853553963345305,0.00011319532830319536,0.005683906120972256,0.004891304347826144,0.005602948971484895,-0.0007116446236587514,0.010494253319311038,0.009506226330995602,0.0062928790036196405,0.0032133473273759615,0.015799105334615243,False,False,0.005434782608695691,0.0036476799041376675,0.0017871027045580235,0.009082462512833359,0.00960144927536235,0.007124238794979962,0.002477210480382389,0.01672568807034231,0.012130046686025246,0.007531174973829744,0.004598871712195501,0.01966122165985499,False,False
15,30,15,0.03831521739130435,0.018913234007036313,0.019401983384268035,0.057228451398340666,0.07318840579710145,0.035476037008780326,0.03771236878832113,0.10866444280588178,0.12133488996575276,0.05955416135124046,0.061780728614512295,0.18088905131699323,0.03867753623188402,0.019839851221527177,0.01883768501035684,0.058517387453411195,0.07373188405797099,0.037278502189302634,0.03645338186866835,0.11101038624727362,0.11396999307908114,0.05738526161832935,0.05658473146075178,0.17135525469741048,0.03297101449275359,0.020369968649173852,0.012601045843579736,0.05334098314192744,0.06322463768115938,0.03874127202829161,0.024483365652867767,0.10196590970945099,0.10595722221120872,0.06346505470353299,0.04249216750767573,0.1694222769147417,-0.000362318840579673,0.003577255950365521,-0.003939574790945194,0.003214937109785848,-0.0005434782608695318,0.007354372780312984,-0.007897851041182517,0.006810894519443452,0.007364896886671627,0.007285793212654548,7.910367401707877e-05,0.014650690099326175,False,False,0.005344202898550763,0.004170077369018476,0.0011741255295322868,0.009514280267569238,0.009963768115942068,0.008535465997481378,0.0014283021184606903,0.018499234113423448,0.01537766775454404,0.013571983942005303,0.0018056838125387366,0.028949651696549342,False,False
15,120,15,0.05471014492753623,0.029062539396571548,0.025647605530964682,0.08377268432410778,0.10398550724637681,0.05235654980113132,0.05162895744524549,0.15634205704750814,0.16521865011503298,0.07930187281715313,0.08591677729787985,0.24452052293218612,0.051992753623188365,0.029896505037254002,0.022096248585934362,0.08188925866044236,0.0981884057971014,0.05362954525579743,0.04455886054130397,0.15181795105289883,0.15708011699219546,0.07972356426652914,0.07735655272566631,0.23680368125872459,0.04764492753623184,0.028549050013420195,0.019095877522811645,0.07619397754965204,0.09057971014492748,0.05141199149172437,0.039167718653203114,0.14199170163665184,0.14049029849360833,0.07894545992251017,0.06154483857109816,0.2194357584161185,0.002717391304347864,0.0030529743159602623,-0.0003355830116123981,0.0057703656203081264,0.005797101449275399,0.005297265010659058,0.0004998364386163412,0.011094366459934456,0.008138533122837575,0.008893298400766024,-0.0007547652779284486,0.0170318315236036,False,False,0.0070652173913043955,0.003153098315230154,0.003912119076074241,0.01021831570653455,0.01340579710144933,0.00558524100055105,0.00782055610089828,0.018991038102000382,0.024728351621424657,0.009167549488122186,0.015560802133302472,0.03389590110954684,False,False
15,500,15,0.028442028985507243,0.017777954341698293,0.01066407464380895,0.04621998332720553,0.05579710144927536,0.03480874546381334,0.020988355985462025,0.0906058469130887,0.08842727487596373,0.05159249819596585,0.036834776679997884,0.1400197730719296,0.025362318840579667,0.016939864697305965,0.008422454143273701,0.04230218353788563,0.05018115942028981,0.03359625670529792,0.01658490271499189,0.08377741612558773,0.07737635987966006,0.04937806986263852,0.02799829001702154,0.12675442974229859,0.02173913043478256,0.01780933288318715,0.0039297975515954105,0.03954846331796971,0.04275362318840577,0.03486923165958981,0.00788439152881596,0.07762285484799558,0.06741174064568378,0.052071040888625644,0.015340699757058138,0.11948278153430943,0.0030797101449275784,0.0029798296231614927,9.988052176608574e-05,0.006059539768089071,0.005615942028985557,0.005775485060430838,-0.0001595430314452811,0.011391427089416394,0.011050914996303663,0.009753845383595163,0.0012970696127085,0.020804760379898826,False,False,0.006702898550724686,0.004557037760727798,0.0021458607899968877,0.011259936311452483,0.013043478260869606,0.008960618874342114,0.004082859386527492,0.02200409713521172,0.021015534230279954,0.013185189213556343,0.007830345016723611,0.034200723443836296,False,False
20,30,15,0.028894927536231886,0.015542135765138167,0.01335279177109372,0.04443706330137005,0.05634057971014494,0.029299088176049263,0.027041491534095675,0.0856396678861942,0.09052851410427441,0.046292790755685966,0.04423572334858845,0.13682130485996039,0.024547101449275317,0.015721446614033043,0.008825654835242273,0.04026854806330836,0.047826086956521706,0.02986682001181491,0.017959266944706797,0.07769290696833661,0.0780431878675396,0.046539754998598346,0.03150343286894125,0.12458294286613794,0.022282608695652135,0.01571571743246675,0.006566891263185385,0.03799832612811889,0.04275362318840576,0.029450839960434596,0.013302783227971165,0.07220446314884035,0.07024806161513912,0.04765554904517228,0.02259251256996684,0.11790361066031141,0.0043478260869565695,0.0028014744857424454,0.0015463516012141241,0.007149300572699015,0.00851449275362323,0.0056189987006419195,0.0028954940529813105,0.01413349145426515,0.012485326236734838,0.007627862670234697,0.004857463566500141,0.020113188906969535,False,False,0.006612318840579751,0.0035047751504600853,0.0031075436901196653,0.010117093991039836,0.013586956521739168,0.007220915413414527,0.006366041108324641,0.020807871935153696,0.0202804524891353,0.011689229981442938,0.008591222507692361,0.031969682470578235,False,False
20,120,15,0.021557971014492756,0.008607172893917776,0.01295079812057498,0.030165143908410533,0.041666666666666664,0.016101777022192978,0.025564889644473687,0.05776844368885964,0.06767064010103543,0.025584107912650585,0.042086532188384845,0.09325474801368602,0.01702898550724633,0.007011477148521756,0.010017508358724576,0.024040462655768088,0.032971014492753574,0.013642098731609539,0.019328915761144035,0.04661311322436311,0.05382114400466277,0.02178917313596341,0.03203197086869936,0.07561031714062619,0.013043478260869521,0.00595928146690222,0.007084196793967301,0.01900275972777174,0.025181159420289822,0.011534586311153956,0.013646573109135866,0.036715745731443775,0.04114601372889422,0.018227014731725485,0.022918998997168732,0.0593730284606197,0.0045289855072464195,0.003493193339330666,0.0010357921679157536,0.008022178846577086,0.008695652173913085,0.005862153129991631,0.002833499043921454,0.014557805303904717,0.013849496096372664,0.006531170751917899,0.007318325344454766,0.02038066684829056,False,False,0.008514492753623234,0.004781251179758325,0.0037332415738649087,0.013295743933381558,0.016485507246376846,0.008964637990433136,0.00752086925594371,0.025450145236809982,0.02652462637214122,0.014394486084301293,0.012130140287839927,0.040919112456442516,False,False
20,500,15,0.020471014492753622,0.010776568356432058,0.009694446136321564,0.03124758284918568,0.04021739130434783,0.02110175410872348,0.01911563719562435,0.061319145413071305,0.06332978738161425,0.031609974163847,0.031719813217767255,0.09493976154546124,0.015398550724637639,0.00876579125369167,0.006632759470945968,0.02416434197832931,0.030434782608695605,0.017427512127495447,0.013007270481200157,0.04786229473619105,0.05011791906629996,0.025631523027580413,0.02448639603871955,0.07574944209388038,0.00978260869565214,0.005040724979363604,0.004741883716288536,0.014823333675015744,0.0192028985507246,0.00979970593971757,0.009403192611007031,0.02900260449044217,0.030968977744362976,0.015831004549589266,0.01513797319477371,0.04679998229395224,0.005072463768115983,0.0031772821440889387,0.0018951816240270446,0.008249745912204922,0.00978260869565222,0.006340376808347725,0.003442231887304495,0.016122985503999945,0.013211868315314302,0.009282359348118139,0.003929508967196163,0.02249422766343244,False,False,0.010688405797101482,0.007206246670306534,0.003482159126794948,0.017894652467408016,0.021014492753623222,0.014267425881841678,0.006747066871781544,0.0352819186354649,0.03236080963725127,0.019515897805013806,0.012844911832237463,0.05187670744226508,False,False
